:020000040800F2
:1000000018310024B1030008A57C0008A173000882
:10001000A17C0008430700083D8A0008000000009A
:10002000000000000000000000000000AB7C0008A1
:10003000D907000800000000A97C0008AD7C00087A
:10004000CB030008CB030008CB030008CB03000858
:10005000CB030008CB030008CB030008CB03000848
:10006000CB030008CB030008CB03000849070008B6
:100070005907000869070008790700088907000880
:1000800099070008A9070008CB0300080508000825
:1000900015080008CB030008CB030008CB030008B9
:1000A000CB030008CB030008CB030008CB030008F8
:1000B000CB030008CB030008957D0008CB030008A4
:1000C000CB030008CB030008CB030008CB030008D8
:1000D000CB0300081D8A00082D8A0008CB03000806
:1000E000DB070008CB03000800000000CB0300087A
:1000F000CB030008CB030008CB030008B9070008B6
:10010000CB030008CB030008A57D0008CB03000843
:10011000CB0300085D800008CB030008CB03000878
:10012000C9070008CB030008CB030008CB03000875
:10013000CB030008CB030008CB030008CB03000867
:1001400000000000000000000000000000000000AF
:10015000CB030008CB030008CB030008CB03000847
:10016000CB030008CB030008CB030008CB03000837
:10017000CB030008CB030008CB03000800000000FD
:10018000CB030008CB0300086D8000087D800008C9
:10019000CB030008CB030008CB030008CB03000807
:1001A000CB030008CB030008CB03000800000000CD
:1001B000CB030008CB030008CB030008CB030008E7
:1001C000CB030008CB030008000000000000000083
:1001D0000000000000000000CB0300080000000049
:1001E000000000000000000000000000000000000F
:1001F0000000000000000000CB030008CB03000853
:10020000CB030008CB03000800000000CB0300086C
:10021000CB030008CB030008CB030008CB03000886
:10022000CB03000800000000CB0300080000000022
:10023000CB030008CB03000800000000CB0300083C
:10024000CB030008CB030008CB030008CB03000856
:10025000CB030008CB030008CB030008CB03000846
:10026000CB030008CB030008CB030008CB03000836
:10027000CB030008CB030008CB03000800000000FC
:10028000CB030008CB030008CB030008CB03000816
:1002900000000000CB030008CB03000800000000B2
:1002A00000000000CB030008CB030008CB030008CC
:1002B0000D8A0008CB030008CB03000825080008BE
:1002C000CB030008CB030008CB03000800F002F8C2
:1002D00000F05EF80AA090E8000C82448344AAF182
:1002E0000107DA4501D100F053F8AFF2090EBAE880
:1002F0000F0013F0010F18BFFB1A43F0010318475A
:1003000070D6000090D600000A444FF0000C10F8A0
:10031000013B13F0070408BF10F8014B1D1108BF83
:1003200010F8015B641E05D010F8016B641E01F823
:10033000016BF9D113F0080F1EBF10F8014BAD1C73
:100340000C1B09D16D1E58BF01F801CBFAD505E091
:1003500014F8016B01F8016B6D1EF9D59142D6D3EB
:10036000704700000023002400250026103A28BF13
:1003700078C1FBD8520728BF30C148BF0B60704717
:100380001FB50DF0A1F900F081F91FBD10B510BD2A
:1003900000F0A2F91146FFF7F3FF0DF017F900F096
:1003A000C0F903B4FFF7F2FF03BC00F0C3F900008B
:1003B0000948804709480047FEE7FEE7FEE7FEE7F9
:1003C000FEE7FEE7FEE7FEE7FEE7FEE70448054935
:1003D000054A064B70470000B57C0008CD020008B6
:1003E000182B002418310024182D0024182D002467
:1003F00053EA020C00F069802DE9F04B4FF0000643
:10040000002B1FBFB3FA83F503FA05F424FA05F6AF
:100410005E4012BF1643B2FA82F502FA05F4C5F146
:1004200020051EBF22FA05FC44EA0C04203556EADA
:10043000044C4FEA144418BF641C4FF000084FF0FE
:100440000009904271EB030C39D3002919BFB1FAAE
:1004500081F701FA07F6B0FA80F700FA07F6C7F15C
:1004600020071EBF20FA07FC46EA0C062037B6FB21
:10047000F4FCA7EB0507103F07F01F0BCBF120069C
:100480000CFA0BFB2CFA06F644BFB3460026202FCD
:10049000A4BF5E464FF0000B5BEA060C08BF4FF0AE
:1004A000010B19EB0B09ABFB027C48EB0608C01BE8
:1004B00006FB02CC0BFB03CC71EB0C01C1E70B4636
:1004C000024641464846BDE8F08B13B54FF00000A8
:1004D0004FF00001AFF30080BDE81C407047B2F15F
:1004E00020030AD5C2F1200301FA02F120FA03F336
:1004F00000FA02F041EA0301704700FA03F14FF0FD
:1005000000007047032A40F2308010F0030C00F026
:10051000158011F8013BBCF1020F624498BF11F83D
:1005200001CB00F8013B38BF11F8013BA2F10402F6
:1005300098BF00F801CB38BF00F8013B11F003036E
:1005400000F02580083AC0F0088051F8043B083AD2
:1005500051F804CBA0E80810F5E7121D5CBF51F874
:10056000043B40F8043BAFF30080D20724BF11F8EE
:10057000013B11F801CB48BF11F8012B24BF00F853
:10058000013B00F801CB48BF00F8012B704710B5C4
:10059000203AC0F00B80B1E81850203AA0E818507B
:1005A000B1E81850A0E81850BFF4F5AF5FEA027C3C
:1005B00024BFB1E81850A0E8185044BF18C918C0AB
:1005C000BDE810405FEA827C24BF51F8043B40F84C
:1005D000043B08BF7047D20728BF31F8023B48BF31
:1005E00011F8012B28BF20F8023B48BF00F8012B6F
:1005F00070474FF000020429C0F0128010F0030C85
:1006000000F01B80CCF1040CBCF1020F18BF00F805
:10061000012BA8BF20F8022BA1EB0C0100F00DB8B4
:100620005FEAC17C24BF00F8012B00F8012B48BF12
:1006300000F8012B70474FF0000200B513469446B6
:100640009646203922BFA0E80C50A0E80C50B1F12A
:100650002001BFF4F7AF090728BFA0E80C5048BF3E
:100660000CC05DF804EB890028BF40F8042B08BFDC
:10067000704748BF20F8022B11F0804F18BF00F8D8
:10068000012B7047704770477047000070B5064CEB
:100690007C44064D7D4403E0206820448047241DAF
:1006A000AC42F9D170BD0000FCD2000004D30000C0
:1006B00010B500F009F8006810BD10B5044600F050
:1006C00003F8046010BD000000487047B82A0024F9
:1006D00000487047B82A00247546FFF7F9FFAE4678
:1006E00005006946534620F00700854618B020B53E
:1006F000FFF76CFEBDE820404FF000064FF000070A
:100700004FF000084FF0000B21F00701AC46ACE8B9
:10071000C009ACE8C009ACE8C009ACE8C0098D4626
:10072000704710B50446AFF300802046BDE8104086
:10073000FFF737BE01491820ABBEFEE726000200D6
:10074000704700BFFEE7000010B5024800F0ACFCA7
:1007500010BD00005C09002410B5024800F0A4FCA4
:1007600010BD00003C0B002410B5024800F09CFCBA
:1007700010BD0000B40B002410B5024800F094FC3A
:1007800010BD00002C0C002410B5024800F08CFCB9
:1007900010BD0000A40C002410B5024800F084FC39
:1007A00010BD0000D409002410B5024800F07CFC04
:1007B00010BD00004C0A002410B5024800F074FC83
:1007C00010BD0000C40A002410B5024800F06CFC03
:1007D00010BD0000E4080024704710B54FF480609D
:1007E00002F030FE4FF4006002F02CFE4FF4805017
:1007F00002F028FE4FF4804002F024FE10BD72B6D5
:1008000000BFFEE710B5024802F070F810BD00000E
:10081000C801002410B5024802F068F810BD0000BD
:100820006802002410B5024802F060F810BD000014
:10083000080300242DE9F041044602F01DFF804624
:1008400014B90120BDE8F08194F83500022808D0E1
:100850008020606500BF002084F8340000BF0120C4
:10086000F0E7FE492068884249D0FC4918312068E9
:10087000884244D0F9493031206888423FD0F74956
:100880004831206888423AD0F44960312068884273
:1008900035D0F24978312068884230D0EF49903124
:1008A000206888422BD0ED49A8312068884226D0A4
:1008B000EB492068884222D0E949183120688842F3
:1008C0001DD0E74930312068884218D0E4494831CA
:1008D0002068884213D0E2496031206888420ED0F7
:1008E000DF4978312068884209D0DD49903120689D
:1008F000884204D0DA49A8312068884206D12068AD
:10090000006820F001002168086005E020680068A8
:1009100020F0010021680860D0492068884249D051
:10092000CE4918312068884244D0CC493031206803
:1009300088423FD0C9494831206888423AD0C749E7
:1009400060312068884235D0C449783120688842B7
:1009500030D0C2499031206888422BD0BF49A8319D
:100960002068884226D0BE492068884222D0BC49EF
:100970001831206888421DD0B9493031206888423A
:1009800018D0B74948312068884213D0B449603143
:10099000206888420ED0B24978312068884209D058
:1009A000AF4990312068884204D0AD49A831206811
:1009B000884201D1012000E0002068B12068006871
:1009C00020F01E00216808602068406920F0800047
:1009D00021684861256806E02068006820F00E0064
:1009E0002168086025689D492068884270D09B492D
:1009F0001831206888426BD098493031206888428D
:100A000066D0964948312068884261D09349603168
:100A1000206888425CD0914978312068884257D05C
:100A20008E4990312068884252D08C49A831206884
:100A300088424DD08A492068884249D08849183177
:100A40002068884244D086493031206888423FD0AF
:100A500083494831206888423AD081496031206812
:100A6000884235D07E4978312068884230D07C4930
:100A70009031206888422BD07949A831206888427B
:100A800026D078492068884222D0764914312068DF
:100A900088421DD0734928312068884218D0714996
:100AA0003C312068884213D06E495031206888421A
:100AB0000ED06C4964312068884209D06949783188
:100AC0002068884204D067498C312068884201D16F
:100AD000012000E0002028B1206E006820F4807022
:100AE000216E086011E002F0C7FDA0EB08000528A8
:100AF0000BD920206065032084F8350000BF00205A
:100B000084F8340000BF01209CE6286800F0010052
:100B10000028E8D151492068884249D04F4918310E
:100B20002068884244D04D493031206888423FD007
:100B30004A494831206888423AD0484960312068A3
:100B4000884235D0454978312068884230D04349C1
:100B50009031206888422BD04049A83120688842D3
:100B600026D03F492068884222D03D49183120686C
:100B700088421DD03A4930312068884218D038491F
:100B800048312068884213D0354960312068884256
:100B90000ED0334978312068884209D030499031ED
:100BA0002068884204D02E49A8312068884201D1AB
:100BB000012000E0002040B1A66D94F85C0000F038
:100BC0001F013F208840B06007E0A76D94F85C00EB
:100BD00000F01F0101208840786020492068884289
:100BE00076D01E4918312068884271D01B493031B7
:100BF000206888426CD0194948312068884267D003
:100C0000164960312068884262D0144978312068E2
:100C100088425DD0114990312068884258D00F49F0
:100C2000A8312068884253D00D49206888424FD0AF
:100C30000B491831206888424AD009493031206870
:100C4000884245D0064948312068884240D004494E
:100C50006031206888423BD0014905E01000024025
:100C600010040240085402587831206888422FD07E
:100C70002549206888422BD02349183120688842B2
:100C800026D022492068884222D020491431206889
:100C900088421DD01D4928312068884218D01B4940
:100CA0003C312068884213D018495031206888426E
:100CB0000ED0164964312068884209D01349783132
:100CC0002068884204D011498C312068884201D1C3
:100CD000012000E0002068B1D4E919104860E06EFE
:100CE00040B1E06E006820F48070E16E0860D4E9E5
:100CF0001C104860012084F8350000BF002084F8F3
:100D0000340000BF00BF9DE5A00402400854025813
:100D100070B504460CB9012070BD94F83500022866
:100D200003D0802060650120F6E7DC492068884216
:100D300049D0DA4918312068884244D0D749303147
:100D4000206888423FD0D5494831206888423AD04F
:100D5000D24960312068884235D0D0497831206846
:100D6000884230D0CD499031206888422BD0CB4981
:100D7000A8312068884226D0C9492068884222D0FC
:100D8000C7491831206888421DD0C54930312068D4
:100D9000884218D0C24948312068884213D0C049DF
:100DA0006031206888420ED0BD4978312068884281
:100DB00009D0BB4990312068884204D0B849A83195
:100DC0002068884201D1012000E00020F0B3042017
:100DD00084F83500B149206888424BD0AF491831BA
:100DE0002068884246D0AD4930312068884241D0E1
:100DF000AA494831206888423CD0A849603120681F
:100E0000884237D0A54978312068884232D0A3493A
:100E10009031206888422DD0A049A83120688842AE
:100E200028D09F492068884224D09D4918312068E5
:100E300088421FD09A493031206888421AD0984998
:100E400048312068884215D0954900E020E06031A3
:100E5000206888420ED0924978312068884209D0B3
:100E60008F4990312068884204D08D49A83120688C
:100E7000884206D12068006820F0010021680860DF
:100E800009E12068006820F001002168086002E1A3
:100E900082492068884249D08049183120688842B8
:100EA00044D07E493031206888423FD07B49483168
:100EB000206888423AD0794960312068884235D02C
:100EC000764978312068884230D074499031206862
:100ED00088422BD07149A8312068884226D07049B9
:100EE0002068884222D06E491831206888421DD07F
:100EF0006B4930312068884218D0694948312068F0
:100F0000884213D066496031206888420ED0644917
:100F100078312068884209D0614990312068884240
:100F200004D05F49A8312068884206D12068006853
:100F300020F001002168086005E02068006820F0CA
:100F40000100216808602068006820F00E00216818
:100F5000086052492068884270D050491831206892
:100F600088426BD04D4930312068884266D04B4969
:100F700048312068884261D0484960312068884201
:100F80005CD0464978312068884257D04349903137
:100F90002068884252D04149A831206888424DD00B
:100FA0003F492068884249D03D491831206888422D
:100FB00044D03B493031206888423FD038494831DD
:100FC000206888423AD0364960312068884235D05E
:100FD000334978312068884230D0314990312068D7
:100FE00088422BD02E49A8312068884226D02D492E
:100FF0002068884222D02B491431206888421DD0B5
:10100000284928312068884218D026493C31206878
:10101000884213D023495031206888420ED021499C
:1010200064312068884209D01E497831206888429E
:1010300004D01C498C312068884201D1012000E095
:101040000020D8B1206E006820F48070216E086006
:10105000A56D94F85C0000F01F01012088406860D5
:10106000D4E919104860E06E40B1E06E006820F4E9
:101070008070E16E0860D4E91C104860012084F89B
:10108000350000BF002084F8340000BF206D10B18F
:101090002046216D884700203EE6000010000240F7
:1010A00010040240085402582DE9F84F044600206D
:1010B0000090FE4800684FF41651B0FBF1FAA66D9F
:1010C000D4F858803768D8F80090F94920688842E9
:1010D00049D0F74918312068884244D0F44930316A
:1010E000206888423FD0F2494831206888423AD08F
:1010F000EF4960312068884235D0ED497831206869
:10110000884230D0EA499031206888422BD0E849A3
:10111000A8312068884226D0E6492068884222D03B
:10112000E4491831206888421DD0E24930312068F6
:10113000884218D0DF4948312068884213D0DD4901
:101140006031206888420ED0DA49783120688842C0
:1011500009D0D84990312068884204D0D549A831B7
:101160002068884201D1012000E0002000287DD0C5
:1011700094F85C0000F01F010820884038400028E7
:1011800068D0CB492068884249D0C94918312068C5
:10119000884244D0C6493031206888423FD0C44993
:1011A0004831206888423AD0C1496031206888427D
:1011B00035D0BF4978312068884230D0BC49903161
:1011C000206888422BD0BA49A8312068884226D0AE
:1011D000B8492068884222D0B64918312068884230
:1011E0001DD0B44930312068884218D0B149483107
:1011F0002068884213D0AF496031206888420ED001
:10120000AC4978312068884209D0AA4990312068D9
:10121000884204D0A749A8312068884204D12068B8
:10122000006800F0040003E02068006800F0080097
:1012300080B12068006820F004002168086094F8FC
:101240005C0000F01F0108208840B060606D40F035
:101250000100606594F85C0000F01F0101208840E7
:101260003840E8B392492068884200E0B7E24BD0AA
:101270008F4918312068884246D08D493031206826
:10128000884241D08A494831206888423CD0884908
:1012900060312068884237D085497831206888429B
:1012A00032D083499031206888422DD08049A831BE
:1012B0002068884228D07F492068884224D07D4910
:1012C0001831206888421FD07A493031206888421E
:1012D0001AD0784948312068884215D0754900E015
:1012E00026E06031206888420ED07249783120684B
:1012F000884209D06F4990312068884204D06D49F6
:10130000A8312068884204D12068406900F080003C
:1013100002E020680068002050B194F85C0000F002
:101320001F0101208840B060606D40F002006065E0
:1013300094F85C0000F01F01042088403840E8B3B6
:101340005B49206888424BD059491831206888424F
:1013500046D0574930312068884241D054494831FD
:10136000206888423CD0524960312068884237D09A
:101370004F4978312068884232D04D4990312068F9
:1013800088422DD04A49A8312068884228D049494E
:101390002068884224D047491831206888421FD0ED
:1013A00044493031206888421AD042494831206887
:1013B000884215D03F496031206800E024E088422F
:1013C0000ED03C4978312068884209D039499031A3
:1013D0002068884204D03749A8312068884204D167
:1013E0002068006800F0020002E020680068002029
:1013F00050B194F85C0000F01F0104208840B060F8
:10140000606D40F00400606594F85C0000F01F011E
:10141000102088403840E8B325492068884251D0E0
:1014200023491831206888424CD021493031206846
:10143000884247D01E4948312068884242D01C4922
:101440006031206888423DD019497831206888424F
:1014500038D0174990312068884233D01449A831D8
:10146000206888422ED01349206888422AD011492A
:1014700018312068884225D00E49303120688842D2
:1014800020D00C494831206888421BD0094960317E
:10149000206800E04DE0884214D006497831206889
:1014A00088420FD003499031206805E010000024E5
:1014B0001000024010040240884203D0FE49206818
:1014C000884204D12068006800F0080003E020682A
:1014D000006800F0040060B394F85C0000F01F01A5
:1014E00010208840B0602068006800F4802080B13F
:1014F0002068006800F4002028B9206CC8B120469C
:10150000216C884715E0A06C98B12046A16C8847F3
:101510000FE02068006800F4807028B92068006837
:1015200020F0080021680860206C10B12046216C72
:10153000884794F85C0000F01F0120208840384064
:1015400000287DD0DD492068884249D0DB49183128
:101550002068884244D0D9493031206888423FD041
:10156000D6494831206888423AD0D4496031206851
:10157000884235D0D14978312068884230D0CF496F
:101580009031206888422BD0CC49A831206888420D
:1015900026D0C949A8392068884221D0C649903947
:1015A000206888421CD0C44978392068884217D006
:1015B000C14960392068884212D0BF494839206843
:1015C00088420DD0BC4930392068884208D0BA49D9
:1015D00018392068884203D0B7492068884204D16E
:1015E0002068006800F0100003E02068006800F048
:1015F000020028B394F85C0000F01F01202088400E
:10160000B06094F8350004282DD12068006820F0DF
:101610001600216808602068406920F08000216879
:101620004861206C08B9A06C28B12068006820F0DF
:1016300008002168086094F85C0000F01F0100E0D9
:101640003FE03F208840B060012084F8350000BFB3
:10165000002084F8340000BF206D10B12046216DB9
:101660008847BDE8F88F2068006800F4802080B1CA
:101670002068006800F4002028B1606C08B32046A0
:10168000616C88471DE0E06BD8B12046E16B88476C
:1016900017E02068006800F4807068B9206800686E
:1016A00020F0100021680860012084F8350000BF98
:1016B000002084F8340000BFE06B10B12046E16BDD
:1016C0008847606D00287AD0606D00F00100E8B3B3
:1016D000042084F835007949206888424BD0774946
:1016E00018312068884246D07449303120688842D9
:1016F00041D072494831206888423CD06F496031FE
:101700002068884237D06D4978312068884232D0CD
:101710006A499031206888422DD06849A8312068F4
:10172000884228D06449A8392068884223D0624979
:101730009039206888421ED05F49783920688842F5
:1017400019D05D4960392068884200E040E012D03D
:1017500059494839206888420DD0574930392068A6
:10176000884208D0544918392068884203D0524929
:101770002068884206D12068006820F001002168B6
:10178000086005E02068006820F00100216808601A
:1017900000BF0098401C0090504500D905E020682B
:1017A000006800F001000028F3D100BF2068006845
:1017B00000F0010020B1032084F8350003E00DE0C3
:1017C000012084F8350000BF002084F8340000BFF9
:1017D000E06C002802D02046E16C8847D9E1384906
:1017E0002068884222D036491431206888421DD0B2
:1017F000334928312068884218D031493C3120686B
:10180000884213D02E495031206888420ED02C498E
:1018100064312068884209D029497831206888429B
:1018200004D027498C312068884201D1012000E092
:1018300000200028D2D02068056894F85C0000F0F1
:101840001F010420884000EA0900D8B305F0040015
:10185000C0B394F85C0000F01F0104208840C8F871
:10186000040005F4004080B105F4803030B1A06C74
:101870000028B3D02046A16C88478AE1206C00285C
:10188000ACD02046216C884783E105F02000E8BBFE
:101890000A492068884253D0084918312068884294
:1018A0004ED0064930312068884249D0034948313A
:1018B0002068884244D006E0B8040240100002408C
:1018C000085402584FE0B44960312068884237D04C
:1018D000B14978312068884232D0AF4990312068D0
:1018E00088422DD0AC49A8312068884228D0AB4925
:1018F0002068884224D0A9491831206888421FD026
:10190000A6493031206888421AD000E025E0A3497A
:1019100048312068884213D0A0496031206888424D
:101920000ED09E4978312068884209D09B49903179
:101930002068884204D09949A8312068884206D19D
:101940002068006820F008002168086005E0206831
:10195000006820F0040021680860206C10B3204665
:10196000216C884715E194F85C0000F01F0102200B
:10197000884000EA0900E8B305F00200D0B394F80B
:101980005C0000F01F0102208840C8F8040005F444
:10199000004070B105F4803028B9606C10B1204669
:1019A000616C8847F5E0E06BF0B32046E16B884757
:1019B000EFE005F02000C0BB7749206888424ED098
:1019C000754918312068884249D073493031206800
:1019D000884244D070494831206888423FD06E49DF
:1019E0006031206888423AD06B497831206888425B
:1019F00035D000E04EE068499031206888422ED012
:101A00006549A8312068884229D064492068884205
:101A100025D0624918312068884220D05F49303192
:101A2000206888421BD001E06EE02DE05B49483120
:101A30002068884213D059496031206888420ED00E
:101A4000564978312068884209D05449903120683D
:101A5000884204D05149A8312068884206D12068C4
:101A6000006820F014002168086005E02068006824
:101A700020F00A0021680860012084F8350000BFCA
:101A8000002084F8340000BFE06BE8B32046E16B2F
:101A900088477EE094F85C0000F01F010820884031
:101AA00000EA090080B305F0080068B33A492068ED
:101AB00088424BD0384918312068884246D0364990
:101AC00030312068884241D033494831206888420B
:101AD0003CD0314960312068884237D02E49783176
:101AE0002068884232D02C499031206888422DD01D
:101AF0002949A8312068884228D02849206888428E
:101B000024D02649183100E043E0206888421DD0E7
:101B1000224930312068884218D020494831206855
:101B2000884213D01D496031206888420ED01B497D
:101B300078312068884209D018499031206888425D
:101B400004D01649A8312068884206D12068006870
:101B500020F01C002168086005E02068006820F083
:101B60000E002168086094F85C0000F01F0101205D
:101B70008840C8F804000120606584F8350000BF83
:101B8000002084F8340000BFE06C10B12046E16C06
:101B9000884700BF65E500001000024010040240C5
:101BA0002DE9F041044601F067FD804614B901209B
:101BB000BDE8F081FE492068884249D0FC491831CF
:101BC0002068884244D0FA493031206888423FD0AA
:101BD000F7494831206888423AD0F5496031206899
:101BE000884235D0F24978312068884230D0F049B7
:101BF0009031206888422BD0ED49A8312068884276
:101C000026D0EC492068884222D0EA491831206861
:101C100088421DD0E74930312068884218D0E54914
:101C200048312068884213D0E249603120688842F8
:101C30000ED0E04978312068884209D0DD499031E2
:101C40002068884204D0DB49A8312068884201D14D
:101C5000012000E00020002873D0606A00B100BFBE
:101C6000022084F8350000BF002084F8340000BF53
:101C7000CF492068884249D0CD4918312068884230
:101C800044D0CB493031206888423FD0C8494831E0
:101C9000206888423AD0C64960312068884235D0F1
:101CA000C34978312068884230D0C14990312068DA
:101CB00088422BD0BE49A8312068884226D0BD4931
:101CC0002068884222D0BB491831206888421DD044
:101CD000B84930312068884218D0B6494831206868
:101CE000884213D0B3496031206888420ED0B14990
:101CF00078312068884209D0AE4990312068884206
:101D000004D0AC49A8312068884206D12068006818
:101D100020F001002168086005E02068006820F0DC
:101D20000100216808600DE001F0A6FCA0EB0800AE
:101D3000052807D920206065032084F8350001209C
:101D400036E769E02068006800F001000028EBD168
:101D50002068056898480540D4E9020108432169D4
:101D6000084361690843A1690843E1690843216A9E
:101D700008430543606A042803D1D4E90B010843F2
:101D800005436068292802D360682E2817D9606847
:101D90003F2802D36068422811D96068472802D3DF
:101DA000606848280BD960684F2802D360685228C1
:101DB00005D96068742804D36068772801D80120A9
:101DC00000E0002008B145F4801520680560206817
:101DD000456925F00705606A0543606A04280DD14E
:101DE000A06A0543E06A48B1204609F021FF28B106
:101DF00040206065012084F83500D9E620684561FF
:101E0000204609F06DFF064694F85C0000F01F01C3
:101E10003F208840B0609EE068492068884222D018
:101E200066491431206888421DD0644928312068F1
:101E3000884218D061493C312068884213D05F49FC
:101E40005031206888420ED05C4964312068884255
:101E500009D05A4978312068884204D057498C31DA
:101E60002068884201D1012000E00020E0B35349FE
:101E70002068884222D051491431206888421DD000
:101E80004E4928312068884218D04C493C3120689E
:101E9000884213D049495031206888420ED04749C2
:101EA00064312068884209D04449783120688842EA
:101EB00004D042498C312068884201D1012000E0E1
:101EC000002000B100BF022084F8350000BF0020D0
:101ED00084F8340000BF2068056839480540A068D0
:101EE000402802D1102106E02EE0A068802801D110
:101EF000C10100E00021E06841EAD001206941EA27
:101F0000D001606941EAD001A06941EAD001E069ED
:101F100041EAD001206A41EA1010054320680560BB
:101F200026492068401A1421B0FBF1F08000E065DA
:101F3000204609F0D5FE074694F85C0000F01F012A
:101F400001208840786006E040206065032084F826
:101F5000350001202CE61649206888427AD01449C1
:101F600018312068884275D0114930312068884284
:101F700070D00F494831206888426BD00C496031DD
:101F80002068884266D00A4978312068884261D04A
:101F900007499031206888425CD00549A831206803
:101FA000884257D003492068884253D0014909E04C
:101FB00010000240100402403F8010FE08540258F6
:101FC0000F00FEFF18312068884243D0374920684F
:101FD00088423FD035491831206888423AD0334989
:101FE00030312068884235D03049483120688842F5
:101FF00030D02E496031206888422BD02B4978316F
:102000002068884226D02A492068884222D0284960
:102010001431206888421DD0254928312068884223
:1020200018D023493C312068884213D020495031D0
:10203000206888420ED01E4964312068884209D049
:102040001B4978312068884204D019498C312068B6
:10205000884201D1012000E0002000B3204609F0B1
:10206000B5FEA068802801D1002060602079216E33
:102070000860D4E919104860606860B16068082899
:1020800009D8204609F004FF0020E16E0860D4E979
:102090001C10486003E00020E066206760670020B5
:1020A0006065012084F83500002081E5400402408D
:1020B000085402582DE9F04104460D4616461F46C5
:1020C0004FF0000814B90120BDE8F08100BF94F87A
:1020D0003400012801D10220F6E7012084F8340001
:1020E00000BF94F8350001287ED1022084F8350025
:1020F00000206065E4492068884249D0E2491831EF
:102100002068884244D0E0493031206888423FD07E
:10211000DD494831206888423AD0DB496031206887
:10212000884235D0D84978312068884230D0D649A5
:102130009031206888422BD0D349A831206888424A
:1021400026D0D2492068884222D0D0491831206850
:1021500088421DD0CD4930312068884218D0CB4903
:1021600048312068884213D0C849603120688842CD
:102170000ED0C64978312068884209D0C3499031D1
:102180002068884204D0C149A8312068884206D11D
:102190002068006820F001002168086005E02068E0
:1021A000006820F00100216808603B46324629465D
:1021B000204609F003FCB449206888424BD0B2495C
:1021C00018312068884246D0AF49303120688842B3
:1021D00041D0AD494831206888423CD0AA4960319D
:1021E0002068884237D000E042E1A7497831206872
:1021F000884230D0A4499031206888422BD0A2492F
:10220000A8312068884226D0A0492068884222D080
:102210009E491831206888421DD09C493031206881
:10222000884218D0994948312068884213D097498C
:102230006031206888420ED0944978312068884205
:1022400009D0924990312068884204D08F49A83142
:102250002068884201D1012000E0002080B1206880
:10226000006820F01E0040F0160021680860206C15
:10227000B0B12068006840F00800216808600FE0F5
:102280002068006820F00E0040F00A002168086015
:10229000206C28B12068006840F0040021680860C4
:1022A00079492068884270D077491831206888427F
:1022B0006BD0754930312068884266D07249483108
:1022C0002068884261D070496031206888425CD0C3
:1022D0006D4978312068884257D06B499031206829
:1022E000884252D06849A831206888424DD0674959
:1022F0002068884249D0654918312068884244D016
:1023000062493031206888423FD0604948312068B6
:1023100088423AD05D4960312068884235D05B49B7
:1023200078312068884230D05849903120688842FE
:102330002BD05649A8312068884226D054492068BD
:10234000884222D052491431206888421DD0504919
:1023500028312068884218D04D493C312068884295
:1023600013D04B495031206888420ED0484964311F
:102370002068884209D0464978312068884204D0D4
:1023800043498C312068884201D1012000E00020BF
:1023900090B1206E006800F4803028B1206E006893
:1023A00040F48070216E0860E06E28B1E06E006835
:1023B00040F48070E16E086033492068884249D05B
:1023C000314918312068884244D02F493031206883
:1023D00088423FD02C494831206888423AD02A4967
:1023E00060312068884235D027497831206888429A
:1023F00030D025499031206888422BD02249A8311D
:102400002068884226D021492068884222D01F496E
:102410001831206888421DD01C493031206888421C
:1024200018D01A4948312068884213D017496031C2
:10243000206888420ED0154978312068884209D03A
:10244000124990312068884204D01049A831206890
:10245000884206D12068006840F0010021680860C9
:1024600010E02068006840F001002168086009E081
:102470004FF40060606500BF002084F8340000BFA6
:102480004FF0010840461FE61000024010040240D1
:102490000854025870B5044601F0EEF80646254689
:1024A000681C10B104480078054400BF01F0E4F84E
:1024B000801BA842FAD370BD0C00002430B503463F
:1024C00093F89840012C01D0022C3ED11868806D01
:1024D000084030B91868C06D40F001001D68E8651B
:1024E0000EE01868806D0840884206D11868C06DFB
:1024F00040F002001D68E86502E003201D68E86501
:1025000001F4007030B11868D0F8E00010431D6885
:10251000C5F8E00001F4806030B11868D0F8E4003C
:1025200010431D68C5F8E40000BF1868406D0B4DEE
:102530000D4028431D6868650948006840EA9170AD
:10254000074D286000BF002030BDD3F89C0040F04C
:102550000200C3F89C000120F6E70000FFFFCF3F18
:1025600014A800402DE9F04104460E461746706855
:1025700000B900E000BF94F89800022832D120682A
:10258000D0F8C00000F07C5040B9D4F89C0040F076
:102590002000C4F89C000120BDE8F0812068D0F83C
:1025A000C40000F4001038B1D4F89C0040F400706E
:1025B000C4F89C000120EFE72068D0F8C400C0F305
:1025C00004452B463A46314620460AF037F90120A9
:1025D000A8402168C1F8D0000120A840C4F89400A8
:1025E0000020D9E7D4F89C0040F00800C4F89C0013
:1025F0000120D1E77047F0B5024692F89860012EAD
:1026000001D0022E43D1C868072800D100BF086856
:1026100018BBC868072800D000BFC86807280BD1BE
:10262000088A4FF0605747EA0040CF6940EA072028
:102630008F6940EA07030AE0087A80070F7B40EAC7
:10264000C7600F8A40EA07404F6940EA0703D76E28
:10265000486807EB8004236017E0C868072800D0AB
:1026600000BF0F7B086940EA4773C868072801D19B
:102670008D6903E00F7A486940EA8775176F4868EB
:1026800007EBC0042360241D25600020F0BDD2F8B4
:102690009C0040F00200C2F89C000120F6E770B5F3
:1026A0000446049D94F8980001280AD1080140EAE4
:1026B000820040EA430028432668C6F880000020D4
:1026C00070BDD4F89C0040F00400C4F89C000120C8
:1026D000F6E77047704700002DE9F04304460D46C9
:1026E0009C46002394F89880B8F1020F7ED1402DCB
:1026F0003FD12068D0F8A00000F4FE0040B9D4F823
:102700009C0040F02000C4F89C000120BDE8F0834C
:102710002068D0F8A40000F07F0038B9D4F89C00FD
:1027200040F48070C4F89C000120EFE72068D0F8E6
:10273000A400C0F305232068D0F8A400C0F3006013
:1027400080B12068D0F8A0004FF00109B9EBD07F2C
:1027500008D12068D0F8A000C0F3064003F10109B9
:1027600000EA0903606C5843D4F8749009EB8001C7
:1027700053E0412D40D12068D0F8B00000F4FE00B5
:1027800038B9D4F89C0040F02000C4F89C00012027
:10279000BCE72068D0F8B40000F07F0038B9D4F866
:1027A0009C0040F48070C4F89C000120AEE72068D3
:1027B000D0F8B400C0F305232068D0F8B400C0F30B
:1027C000006080B12068D0F8B0004FF00109B9EB8B
:1027D000D07F08D12068D0F8B000C0F3064003F1E4
:1027E000010900EA0903E06C584300E072E0D4F804
:1027F000789009EB800110E0206DA84207D8D4F84A
:102800009C0040F02000C4F89C0001207EE7606D31
:102810006843D4F87C9009EB8001086800F08040A0
:102820005060506820B90868C0F38A40106003E027
:10283000086820F060401060086800F00050906068
:10284000086800F000401061091D088880B2D0615E
:102850000868C0F30340D060086800F4801050613D
:10286000086800F4001090610868C0F30660106208
:102870000868C00F5062091D0F46002603E0B85DCE
:102880000CF80600761CDFF85C90D06819F80000A0
:10289000B042F4D8402D03D12068C0F8A83017E02A
:1028A000412D03D12068C0F8B83011E0202D06D2A8
:1028B0000120A840D4F80090C9F8980008E005F07D
:1028C0001F09012000FA09F0D4F80090C9F89C0013
:1028D00000201BE7D4F89C0040F00800C4F89C00DE
:1028E000012013E7DCD60008704700002DE9F04F07
:1028F0008DB00446EF4800688707EE48001D006869
:1029000007EA80772068006D00F470482068406D09
:1029100000EA08082068006D00F00F092068406D8B
:1029200000EA09092068006D00F0F00A2068406D97
:1029300000EA0A0A2068006D00F0715B2068406DB3
:1029400000EA0B0B2068006D00F060700C902068AE
:10295000406D0C9908400C902068456D2068066D0C
:10296000C5F3002070B1C6F3002058B100BF4FF48A
:102970008070216808650020CE49086000BF2046AD
:10298000FFF7B2FFC5F38020C8B1C6F38020B0B115
:102990002068D0F8DC000A902068D0F8E4000A999A
:1029A00008400A9000BF4FF480602168086500204D
:1029B000C049086000BF20460A9900F0B5FC67B125
:1029C00000BFBD48384021680865B80FB9490860A4
:1029D00000BF39462046FFF70DFEB8F1000F0ED0BC
:1029E00000BFB54808EA0000216808654FEA987002
:1029F000B049086000BF4146204600F097FCB9F19D
:102A0000000F0ED000BFAC4809EA0000216808653D
:102A10004FEA9970A749086000BF4946204600F078
:102A2000C7FBBAF1000F0ED000BFA3480AEA0000AE
:102A3000216808654FEA9A709E49086000BF5146B8
:102A4000204600F003FCC5F3C02070B1C6F3C020DF
:102A500058B100BF4FF40060216808650020954917
:102A6000086000BF204600F062FCC5F34020C8B1FA
:102A7000C6F34020B0B12068D0F8D8000B90206891
:102A8000D0F8E0000B9908400B9000BF4FF40070A5
:102A90002168086500208749086000BF20460B991F
:102AA00000F043FCC5F3C04070B1C6F3C04058B15C
:102AB00000BF4FF400202168086500207D490860B0
:102AC00000BF204600F072FBC5F3004070B1C6F3B2
:102AD000004058B100BF4FF48030216808650020E5
:102AE0007449086000BF204600F01DFCC5F380401B
:102AF00070B1C6F3804058B100BF4FF48020216808
:102B0000086500206B49086000BF204600F00AFC01
:102B1000C5F3404088B1C6F3404070B100BF4FF4E8
:102B200000302168086500206249086000BFD4F8C1
:102B30009C0040F08000C4F89C000C9870B100BF6D
:102B40005D490C980840216808650C98800F594928
:102B5000086000BF20460C99FFF7BCFDBBF1000FD9
:102B600010D000BF54480BEA0000216808654FEA06
:102B70009B705049086000BFD4F89C0040EA0B00ED
:102B8000C4F89C004D49206888427DD16068806807
:102B900000F00300002877D06068006A00F00F00A2
:102BA00009906068406A0999084009906068006A65
:102BB00000F0300008906068406A0899084008906A
:102BC0006068006A00F4C07007906068406A079906
:102BD000084007906068006A00F4FC400690606856
:102BE000406A0699084006906068006A00F4F02088
:102BF00005906068406A0599084005906068406AE1
:102C000002906068006A0190099830B10998616883
:102C100008622046099900F082FB089830B10898B4
:102C2000616808622046089900F07BFB0298C0F3B7
:102C30008010A0B10198C0F3801080B16068C06BB3
:102C4000000C04906068C06B00F03F0003904020CF
:102C5000616808622046DDE9032100F061FB079806
:102C600030B10798616808622046079900F056FB6A
:102C7000069840B1069861680862D4F89C000699ED
:102C80000843C4F89C0000E00AE0059840B10598AC
:102C900061680862D4F89C0005990843C4F89C0058
:102CA000D4F89C0010B12046FFF713FD0DB0BDE82D
:102CB000F08F000010A80040FFFFCF3F00A00040B1
:102CC00070B594B004464C22B34901A8FDF75FFCEF
:102CD00014B9012014B070BDB0492068884203D1F6
:102CE000206800F580706060A068B0F5407F00D17A
:102CF00000BF206C00B100BFA06C00B100BF206D10
:102D000000B100BF206E00B100BFD4E91710084425
:102D100000B100BF94F8980028B9002084F8990009
:102D2000204600F03DF92068806920F010002168FD
:102D3000886100F0A1FC05460EE000F09DFC401B00
:102D40000A2809D99834606840F0010060600320C7
:102D500004F898090120BDE72068806900F00800A8
:102D60000828EAD02068806940F001002168886165
:102D700000F082FC05460EE000F07EFC401B0A28B5
:102D800009D99834606840F001006060032004F8BD
:102D9000980901209EE72068806900F00100002862
:102DA000EAD02068806940F0020021688861207CB8
:102DB000012806D12068806920F0400021688861E0
:102DC00005E02068806940F0400021688861607CEF
:102DD000012806D12068806940F48040216888611C
:102DE00005E02068806920F4804021688861A07C2B
:102DF000012806D12068806920F48050216888610C
:102E000005E02068806940F480502168886120686E
:102E1000806920F44070A1680843216888612068B7
:102E2000806920F0A400216888612068006920F092
:102E3000100021680861E068012806D120688069D7
:102E400040F004002168886120E0E068F0B1E068AB
:102E5000022815D02068806940F0800021688861D0
:102E60002068006940F0100021680861E0680328CC
:102E70000CD12068806940F020002168886105E05D
:102E80002068806940F0200021688861207E401E13
:102E90004106E069401E41EA0020216A491E0843BC
:102EA000A18A491E40EA01402168C861A068B0F5C6
:102EB000407F0FD1A06A401EE16A491E40EA01210D
:102EC000206B401E41EA0011A08C401E41EA0040E8
:102ED0002168C860206E38B12068D0F8C000616EEB
:102EE00008432168C1F8C000D4E91710084460B154
:102EF0002068D0F8C80020F0070001AAA16E52F89F
:102F0000211008432168C1F8C800206C60B1206816
:102F1000D0F8BC0020F0070001AA616C52F8211023
:102F200008432168C1F8BC00A06C68B12068D0F8E3
:102F3000BC0020F0700101AAE06C52F8200041EAC8
:102F400000102168C1F8BC00206D68B12068D0F87D
:102F5000BC0020F4E06101AA606D52F8200041EA53
:102F600000202168C1F8BC000C492068884205D1C6
:102F70006068806820F0030061688860002044F881
:102F8000940FA06001202071943C204609F0BEFC03
:102F9000064630469EE60000ECD6000800A0004041
:102FA00010B5B6B00446142130A8FDF744FBB82193
:102FB00002A8FDF740FB76492068884249D14FF4CA
:102FC00000410020CDE9021048031D9002A800F046
:102FD000ABFE08B1FDF713FC6E480068401C6D495C
:102FE00008600846006801280DD100BF6A480068E3
:102FF00040F48070684908600846006800F48070FA
:10300000019000BF00BF00BF63480C38006840F06B
:10301000080061490C3908600846006800F00800A3
:10302000019000BF00BF03203090022031900020AB
:10303000329033900920349030A9584800F010FAAB
:1030400000221146132000F0ABFB132000F094FB8C
:103050009BE053492068884249D14FF40041002049
:10306000CDE9021048031D9002A800F05DFE08B1F2
:10307000FDF7C5FB47480068401C46490860084604
:10308000006801280DD100BF4348006840F48070FB
:10309000414908600846006800F48070019000BF54
:1030A00000BF00BF3C480C38006840F002003A49BD
:1030B0000C3908600846006800F00200019000BF6B
:1030C00000BF602030900220319000203290339079
:1030D0000920349030A9334800F0C2F9002211468B
:1030E000142000F05DFB142000F046FB4DE02E495B
:1030F0002068884249D14FF400410020CDE90210F8
:1031000048031D9002A800F00FFE08B1FDF777FB01
:1031100020480068401C1F490860084600680128D4
:103120000DD100BF1C48006840F480701A49086047
:103130000846006800F48070019000BF00BF00BF27
:1031400015480C38006840F0080013490C39086035
:103150000846006800F00800019000BF00BF4FF46F
:103160004050309002203190002032903390052062
:10317000349030A9094800F073F9002211469F20CD
:1031800000F00EFB9F2000F0F7FA36B010BD0000F3
:1031900000A0004000000024EC440258000C02583B
:1031A00000A400400004025800D400407047000012
:1031B00070B504460D461F492068884210D11E4B49
:1031C000A3F1280240212046FFF786FA1A482C383E
:1031D000406B70B318482C38416B001D884728E0BD
:1031E00016492068884210D1154BA3F128024021CE
:1031F0002046FFF771FA12482C38406BC8B11048CE
:103200002C38416B001D884713E00E492068884226
:103210000FD10D4BA3F1280240212046FFF75CFAA5
:1032200009482C38406B20B107482C38416B001DF1
:10323000884770BD00A00040640D002400A4004039
:103240009C0D002400D40040D40D002470B5044629
:103250000D461F492068884210D11E4BA3F1280259
:1032600041212046FFF738FA1A482C38406B70B3DA
:1032700018482C38416B001D884728E01649206803
:10328000884210D1154BA3F1280241212046FFF7B7
:1032900023FA12482C38406BC8B110482C38416BC7
:1032A000001D884713E00E49206888420FD10D4B5E
:1032B000A3F1280241212046FFF70EFA09482C38D5
:1032C000406B20B107482C38416B001D884770BD0A
:1032D00000A00040640D002400A400409C0D0024C8
:1032E00000D40040D40D0024014691F89800012834
:1032F0000CD1022081F898000868806920F0010054
:103300000A6890610020C1F89C007047D1F89C00C9
:1033100040F00400C1F89C000120F6E770477047B8
:1033200070477047704770477047704770477047E5
:1033300010B50446012C03D132494868804760E04B
:10334000022C03D13049486880475AE0042C03D14D
:103350002E494868804754E0082C03D12C4948681E
:1033600080474EE0102C03D12A494868804748E046
:10337000202C03D128494868804742E0402C03D1E3
:103380002649486880473CE0802C03D1244948689E
:10339000804736E0B4F5807F03D1224948688047F2
:1033A0002FE0B4F5007F03D11F494868804728E02B
:1033B000B4F5806F03D11D494868804721E0B4F51A
:1033C000006F03D11A49486880471AE0B4F5805F5E
:1033D00003D118494868804713E0B4F5005F03D172
:1033E0001549486880470CE0B4F5804F03D1134974
:1033F0004868804705E0B4F5004F02D1104948689D
:10340000804710BD18010024200100242801002459
:103410003001002438010024400100244801002428
:103420005001002458010024600100246801002498
:103430007001002478010024800100248801002408
:103440009001002410B5044604480068204020B1D3
:10345000024804602046FFF76BFF10BD880000584B
:10346000F8B502460023714DDAE001279F400E684F
:1034700006EA0704002C7AD00E7906F00306012E26
:1034800004D00E7906F00306022E13D190685F0077
:103490000326BE40B0435F00CE68BE40304390601C
:1034A000506801269E40B0430E79C6F300169E4038
:1034B000304350600E7906F00306032E07D10E79D3
:1034C00006F00306032E0CD18E68012E09D0D068B9
:1034D0005F000326BE40B0435F008E68BE403043AD
:1034E000D0600E7906F00306022E13D1DF0802F138
:1034F000200656F827005E07F70E0F26BE40B043A1
:103500005F07FF0E0E69BE403043DF0802F1200660
:1035100046F8270010685F000326BE40B0430E79CE
:1035200006F003065F00BE40304310604E6806F4AC
:103530004036002E73D000BF3D4E366846F002067E
:103540003B4F3E603E46366806F00206009600BFDE
:1035500000BF384E9F0856F827009E07370F0F26EA
:10356000BE40B043344EB24202D1002629E056E0BC
:10357000324EB24201D1012623E0314EB24201D196
:1035800002261EE02F4EB24201D1032619E02E4E34
:10359000B24201D1042614E02C4EB24201D10526DC
:1035A0000FE02B4EB24201D106260AE0294EB2426C
:1035B00001D1072605E0284EB24201D1092600E0DC
:1035C0000A269F073F0FBE4030431A4E9F0846F819
:1035D00027004FF0B0463068A0434E6806F48016CE
:1035E00006B120434FF0B04630607068A0434E688B
:1035F00006F4001606B120434FF0B04670606868CC
:10360000A0434E6806F4003606B12043686028687F
:10361000A0434E6806F4803606B1204328605B1C48
:103620000E68DE40002E7FF420AFF8BD8000005809
:10363000F4440258080400580000025800040258DC
:1036400000080258000C02580010025800140258DA
:1036500000180258001C0258002402580246136940
:103660000B400BB1012000E0002070470AB18161DE
:1036700001E00B0483617047014800687047000057
:1036800004000024034800680349097808440149FC
:1036900008607047040000240C00002410B50320CB
:1036A00000F0BCF801F07EFB10490968C1F303216A
:1036B0000F4A515C01F01F0120FA01F40B48006829
:1036C00000F00F001146085C00F01F0024FA00F023
:1036D00008490860084804600F2000F00FF808B19E
:1036E000012010BD00F036F80020FAE71844025817
:1036F00060D70008140000241000002470B50446B0
:103700001148007808B9012070BD0F4800784FF4C7
:103710007A71B1FBF0F00D490968B1FBF0F528466C
:1037200002F00EF808B10120EEE7102C07D20022BB
:103730002146501E00F034F80548046001E00120E5
:10374000E2E70020E0E700000C0000241000002465
:103750000800002408B500BF0648006840F00200D9
:10376000044908600846006800F00200009000BFAD
:1037700000BF08BDF44402580146084600280DDB8E
:1037800000BF00BF00F01F0301229A4043099B00C5
:1037900003F1E023C3F8002100BF00BF00BF704762
:1037A0002DE9F05F80460D46164609F0D3F907462D
:1037B00039462A46334601F00700C0F1070ABAF13C
:1037C000040F02D94FF0040A01E0C0F1070AD14604
:1037D00000F1040ABAF1070F02D24FF0000A01E02B
:1037E000A0F1030AD4464FF0010A0AFA09FAAAF135
:1037F000010A0AEA020A0AFA0CFA4FF0010B0BFA64
:103800000CFBABF1010B0BEA030B4AEA0B0421465C
:10381000404609F08BF9BDE8F09F000000BF00F0C2
:103820000702064B19684FF6FF031940044B0B4380
:1038300043EA0221014B196000BF70470CED00E024
:103840000000FA0570B5044615480068C0F3800012
:1038500048B91348006800F00700A04201D00120D9
:1038600070BD0020FCE70E48006820F007002043F0
:103870000B490860FFF700FF054607E0FFF7FCFE75
:10388000401BB0F57A7F01D90120E9E704480838E8
:103890000068C0F340300028F0D00020E0E70000CE
:1038A0000C48025810B501F033FA05490968C1F314
:1038B0000211044A515C01F01F01C84010BD000014
:1038C0002044025860D7000870B50146844D2D6829
:1038D00005F00303824D2D68C5F30530804D2D1D85
:1038E0002D68C5F300147E4D14352D68C5F3CC0545
:1038F00015FB04F501EE105AB8EE411AF0EE410A3C
:1039000000286FD023B1012B4ED0022B6BD16BE07E
:10391000734D283D2D68C5F340153DB3704D283DCE
:103920002D68C5F3C1066F4D25FA06F201EE102A87
:10393000F8EE411A01EE100AB8EE411A81EE812A22
:103940009FED691AC0EE811A654D10352D68C5F3DB
:10395000080501EE105AB8EE411A31EE811AF7EE61
:10396000001A31EE211A22EE010A1CE001EE100AC3
:10397000B8EE411ADFED5D1A81EE812A9FED5A1AE9
:10398000C0EE811A564D10352D68C5F3080501EEBD
:10399000105AB8EE411A31EE811AF7EE001A31EEE4
:1039A000211A22EE010A5BE001EE100AB8EE411A7C
:1039B000DFED4F1A81EE812A9FED4B1AC0EE811A7E
:1039C000474D10352D68C5F3080501EE105AB8EEC5
:1039D000411A31EE811AF7EE001A31EE211A22EE69
:1039E000010A3DE077E01DE001EE100AB8EE411A51
:1039F0009FED402AC2EE011A9FED3B1A80EE812A0C
:103A0000374D10352D68C5F3080501EE105AB8EE94
:103A1000411A32EE011AB7EE002A31EE021A21EEF7
:103A2000810A1DE001EE100AB8EE411ADFED301AEE
:103A300081EE812A9FED2C1AC0EE811A284D103597
:103A40002D68C5F3080501EE105AB8EE411A31EEA3
:103A5000811AF7EE001A31EE211A22EE010A00BF98
:103A600000BF1F4D10352D68C5F3462501EE105AD5
:103A7000B8EE411AF7EE001A31EE211AC0EE011A23
:103A8000BCEEE11A81ED001A154D10352D68C5F315
:103A9000064501EE105AB8EE411AF7EE001A31EE63
:103AA000211AC0EE011ABCEEE11A81ED011A0C4D8B
:103AB00010352D68C5F3066501EE105AB8EE411AAF
:103AC000F7EE001A31EE211AC0EE011ABCEEE11A2F
:103AD00081ED021A03E000250D604D608D6070BD20
:103AE000284402580090D003000000460024744C83
:103AF0000024744A001BB74B70B50146844D2D68F5
:103B000005F00303824D2D68C5F30550804D2D1D32
:103B10002D68C5F300247E4D1C352D68C5F3CC05FA
:103B200015FB04F501EE105AB8EE411AF0EE410A09
:103B300000286FD023B1012B4ED0022B6BD16BE04C
:103B4000734D283D2D68C5F340153DB3704D283D9C
:103B50002D68C5F3C1066F4D25FA06F201EE102A55
:103B6000F8EE411A01EE100AB8EE411A81EE812AF0
:103B70009FED691AC0EE811A654D18352D68C5F3A1
:103B8000080501EE105AB8EE411A31EE811AF7EE2F
:103B9000001A31EE211A22EE010A1CE001EE100A91
:103BA000B8EE411ADFED5D1A81EE812A9FED5A1AB7
:103BB000C0EE811A564D18352D68C5F3080501EE83
:103BC000105AB8EE411A31EE811AF7EE001A31EEB2
:103BD000211A22EE010A5BE001EE100AB8EE411A4A
:103BE000DFED4F1A81EE812A9FED4B1AC0EE811A4C
:103BF000474D18352D68C5F3080501EE105AB8EE8B
:103C0000411A31EE811AF7EE001A31EE211A22EE36
:103C1000010A3DE077E01DE001EE100AB8EE411A1E
:103C20009FED402AC2EE011A9FED3B1A80EE812AD9
:103C3000374D18352D68C5F3080501EE105AB8EE5A
:103C4000411A32EE011AB7EE002A31EE021A21EEC5
:103C5000810A1DE001EE100AB8EE411ADFED301ABC
:103C600081EE812A9FED2C1AC0EE811A284D18355D
:103C70002D68C5F3080501EE105AB8EE411A31EE71
:103C8000811AF7EE001A31EE211A22EE010A00BF66
:103C900000BF1F4D18352D68C5F3462501EE105A9B
:103CA000B8EE411AF7EE001A31EE211AC0EE011AF1
:103CB000BCEEE11A81ED001A154D18352D68C5F3DB
:103CC000064501EE105AB8EE411AF7EE001A31EE31
:103CD000211AC0EE011ABCEEE11A81ED011A0C4D59
:103CE00018352D68C5F3066501EE105AB8EE411A75
:103CF000F7EE001A31EE211AC0EE011ABCEEE11AFD
:103D000081ED021A03E000250D604D608D6070BDED
:103D1000284402580090D003000000460024744C50
:103D20000024744A001BB74B2DE9F04104460025DE
:103D3000A8464FF00062D4E900101140002013465D
:103D400059404040014331D1606E48B1B0F5801F09
:103D50000DD0B0F5001F11D0B0F5401F16D114E002
:103D6000FE48006840F40030FC49086010E0022181
:103D700004F1080008F0F6FE054609E0022104F10E
:103D8000280008F0A1FF054602E001E0012500BF80
:103D900000BF55B9F1482430006820F44010616E2E
:103DA0000843EE492431086000E0A8464FF48072D1
:103DB000D4E900101140002013465940404001430F
:103DC0002ED1A06D05281BD2DFE800F0030A1118E0
:103DD0001900E248006840F40030E049086011E052
:103DE000002104F1080008F0BDFE05460AE00021AC
:103DF00004F1280008F068FF054603E002E001E056
:103E0000012500BF00BF55B9D4482430006820F018
:103E10000700A16D0843D1492431086000E0A8469D
:103E20004FF48062D4E9001011400020134659403D
:103E3000404001433DD1D4F8A400B0F5C00F24D0D8
:103E400007DC68B1B0F5001F11D0B0F5800F1FD1AD
:103E500014E0B0F5000F19D0B0F5200F18D116E01E
:103E6000BE48006840F40030BC49086012E0002100
:103E700004F1080008F076FE05460BE0002104F18D
:103E8000280008F021FF054604E003E002E001E01D
:103E9000012500BF00BF5DB9B0482C30006820F498
:103EA0006000D4F8A4100843AC492C31086000E04D
:103EB000A8464FF40062D4E90001104000211346E7
:103EC0005840494008433DD1D4F8A800B0F1407FA4
:103ED00024D007DC68B1B0F1807F11D0B0F1007F51
:103EE0001FD114E0B0F1806F19D0B0F1A06F18D1DC
:103EF00016E09A48006840F400309849086012E0E3
:103F0000002104F1080008F02DFE05460BE0002119
:103F100004F1280008F0D8FE054604E003E002E0C2
:103F200001E0012500BF00BF5DB98C482C3000685E
:103F300020F0E060D4F8A810084388492C310860CC
:103F400000E0A8464FF00073D4E9001019400020AB
:103F500059404040014328D1E06CA8B1102804D05A
:103F6000202809D0302810D10DE07C48006840F4AA
:103F700000307A4908600AE0022104F1080008F0E4
:103F8000F1FD054603E002E001E0012500BF00BFAE
:103F900055B972482030006820F03000E16C0843C9
:103FA0006E492031086000E0A8464FF48053D4E900
:103FB00000101940002059404040014337D1E06DC6
:103FC000B0F5005F1AD004DC50B1B0F5805F1ED1AF
:103FD0000DE0B0F5405F18D0B0F5804F17D115E077
:103FE0005E48006840F400305C49086011E0002140
:103FF00004F1080008F0B6FD05460AE0002104F1CE
:10400000280008F061FE054603E002E001E001251A
:1040100000BF00BF55B951482430006820F4E0408B
:10402000E16D08434D492431086000E0A8464FF493
:104030000053D4E90010194000205940404001438A
:1040400035D1206EB0F5403F1ED007DC68B1B0F529
:10405000803F0BD0B0F5003F19D10EE0B0F5802FB6
:1040600013D0B0F5A02F12D110E012E0012104F11D
:10407000080008F077FD05460BE0012104F1280057
:1040800008F022FE054604E003E002E001E001251D
:1040900000BF00BF55B931482430006820F4E0204B
:1040A000216E08432D492431086000E0A8464FF4F2
:1040B0008042D4E900011040002113465840494095
:1040C000084337D1D4F8AC00B0F1405F1ED007DC14
:1040D00068B1B0F1805F0BD0B0F1005F19D10EE094
:1040E000B0F1804F13D0B0F1A04F12D110E012E028
:1040F000012104F1080008F035FD05460BE001211F
:1041000004F1280008F0E0FD054604E003E002E0C9
:1041100001E0012500BF00BF5DB910482C300068E8
:1041200020F0E040D4F8AC1008430C492C31086072
:1041300000E0A8464FF40043D4E9000118400021F4
:104140005840494008432AD1E06EB8B1B0F1805FD1
:1041500006D0B0F1005F12D109E000002C440258F3
:10416000F948006840F40030F749086009E001218F
:1041700004F1080008F0F6FC054602E001E0012524
:1041800000BF00BF55B9F0482430006820F040500F
:10419000E16E0843EC492431086000E0A8464FF086
:1041A0008073D4E900101940002059404040014379
:1041B00028D1A06CA8B1012804D0022809D0032876
:1041C00010D10DE0E048006840F40030DE4908609E
:1041D0000AE0022104F1080008F0C4FC054603E0EF
:1041E00002E001E0012500BF00BF55B9D6482030EC
:1041F000006820F00300A16C0843D3492031086017
:1042000000E0A8464FF48003D4E9001019400020D4
:104210005940404001437DD1CC48006840F4807053
:10422000CA490860FFF728FA064606E0FFF724FAB5
:10423000801B642801D9032505E0C448006800F408
:1042400080700028F2D000BF85BBBF4844300068B2
:1042500000F44070B4F8B01001F44071884213D0FB
:10426000B9484430006820F44077B74844300068CB
:1042700040F48030B449443108600846006820F4B6
:104280008030086008460760D4F8B000B0F5807F41
:1042900015D1FFF7F1F9064609E0FFF7EDF9801BAC
:1042A00041F28831884202D9032507E038E0A64868
:1042B00044300068C0F340000028EED000BF55BB7A
:1042C00000BFB4F8B00000F44070B0F5407F0ED1EC
:1042D0009D481C38006820F47C519D4AD4F8B000F9
:1042E000104041EA101098491C39086007E09648D0
:1042F0001C38006820F47C5093491C3908609248AF
:1043000044300068B4F8B010C1F30B0108438E4983
:10431000443101E005E001E0086002E0A84600E069
:10432000A8460122D4E9000110400021134658405C
:104330004940084330D1A06F18281AD005DC48B195
:10434000082808D0102817D10CE0202812D02828DF
:1043500012D110E012E0012104F1080008F002FC83
:1043600005460BE0012104F1280008F0ADFC0546EC
:1043700004E003E002E001E0012500BF00BF55B901
:1043800071482830006820F03800A16F08436E495A
:104390002831086000E0A8460223D4E90010194043
:1043A000002059404040014329D1606F062816D2B1
:1043B000DFE800F003040B12131412E0012104F1F2
:1043C000080008F0CFFB05460BE0012104F12800AE
:1043D00008F07AFC054604E003E002E001E0012574
:1043E00000BF00BF55B958482830006820F00700CA
:1043F000616F084354492831086000E0A846042250
:10440000D4E90010114000201346594040400143B8
:104410002BD1D4F89000062816D2DFE800F0030470
:104420000B12131412E0012104F1080008F09AFBAA
:1044300005460BE0012104F1280008F045FC054683
:1044400004E003E002E001E0012500BF00BF5DB928
:104450003D482C30006820F00700D4F89010084345
:1044600039492C31086000E0A8462023D4E9000136
:104470001840002158404940084337D1D4F88C00F7
:10448000B0F1405F1ED007DC68B1B0F1805F0BD0A7
:10449000B0F1005F19D10EE0B0F1804F13D0B0F150
:1044A000A04F12D110E012E0002104F1080008F042
:1044B00059FB05460BE0022104F1280008F004FC3A
:1044C000054604E003E002E001E0012500BF00BF73
:1044D0005DB91D482830006820F0E040D4F88C1009
:1044E000084319492831086000E0A8464023D4E970
:1044F0000010194000205940404001433CD1D4F8FD
:104500009800B0F5406F25D007DC68B1B0F5806F3A
:104510000BD0B0F5006F20D10EE0B0F5805F1AD05F
:10452000B0F5A05F19D117E019E0002104F10800EF
:1045300008F018FB054612E0022104F1280008F0FB
:10454000C3FB05460BE000002C440258004802580B
:10455000FFFCFF0F03E002E001E0012500BF00BF08
:104560004DB9FE48006820F4E050D4F89810084394
:10457000FA49086000E0A8468023D4E900101940F9
:10458000002059404040014335D1D4F89C00B0F59B
:10459000C04F1ED007DC68B1B0F5005F0BD0B0F59E
:1045A000804F19D10EE0B0F5004F13D0B0F5204F79
:1045B00012D110E012E0002104F1080008F0D2FA54
:1045C00005460BE0022104F1280008F07DFB0546BA
:1045D00004E003E002E001E0012500BF00BF4DB9A7
:1045E000DE48006820F46040D4F89C100843DB49A2
:1045F000086000E0A8460823D4E900011840002123
:1046000058404940084317D1D4F88000B0F5805F86
:1046100007D1022104F1280008F056FB08B14FF041
:104620000108CE48001F006820F44050D4F88010E4
:104630000843CA49091F08601023D4E90001184043
:10464000002158404940084315D1D4F89400B0F5F2
:10465000807F07D1022104F1280008F035FB08B162
:104660004FF00108BD48006820F44070D4F8941061
:104670000843BA4908604FF40023D4E90001184008
:10468000002158404940084327D1D4F8A00030B158
:10469000B0F5803F0AD0B0F5003F0FD10DE000210A
:1046A00004F1080008F05EFA054609E0022104F171
:1046B000280008F009FB054602E001E0012500BFE3
:1046C00000BF4DB9A548006820F44030D4F8A010D0
:1046D0000843A249086000E0A8464FF48023D4E9CB
:1046E0000001184000215840494008432DD1D4F81A
:1046F0008400B0F5801F06D0B0F5001F0CD0B0F5D7
:10470000401F11D10FE095482C38006840F400306C
:1047100092492C39086009E0012104F1280008F0D1
:10472000D3FA054602E001E0012500BF00BF5DB9F4
:104730008A48001F006820F44010D4F88410084311
:104740008649091F086000E0A8464FF48032D4E98A
:10475000000110400021134658404940084325D12C
:10476000206D18B1B0F5803F10D108E07B482C389F
:10477000006840F4003079492C39086008E00221D3
:1047800004F1080008F0EEF9054601E0012500BF3C
:1047900000BF55B971480C38006820F48030216D95
:1047A00008436E490C39086000E0A8464FF00053FA
:1047B000D4E900101940002059404040014307D17E
:1047C000022104F1280008F07FFA08B14FF0010837
:1047D0004FF40032D4E90001104000211346584044
:1047E0004940084327D1E06FA0B1B0F5807F06D0E3
:1047F000B0F5007F0CD0B0F5407F0CD109E05748F0
:104800002C38006840F4003054492C39086004E02A
:1048100003E002E001E0012500BF00BF55B94F48A9
:10482000001F006820F44070E16F08434B49091FE6
:10483000086000E0A8464FF48012D4E9001011404F
:104840000020134659404040014309D143480838ED
:10485000006820F00040216F084340490839086093
:104860004FF40013D4E9000118400021584049409A
:10487000084309D139480838006820F08070A16EDB
:1048800008433649083908604FF08043D4E90010E6
:104890001940002059404040014311D100BF2F482A
:1048A0004838006820F400402C4948390860084620
:1048B0000068D4F8B410084328494839086000BF9C
:1048C0004FF00042D4E90001104000211346584047
:1048D0004940084309D121480C38006820F0405075
:1048E000616D08431D490C3908604FF40002D4E99A
:1048F00000101140002013465940404001430AD1A6
:104900001648001F006820F44000D4F888100843BF
:104910001249091F086001220021606810404940C7
:104920005040014306D104F1080008F01BF9054688
:1049300005B1A8460222002160681040494050405D
:10494000014307D1012104F1080008F00BF90546E5
:1049500005B1A84604230020616801E058440258CC
:104960001940042240405140084307D1022104F17C
:10497000080008F0F7F8054605B1A846082300200E
:1049800061681940082240405140084307D1002186
:1049900004F1280008F098F9054605B1A84610234F
:1049A000002061681940102240405140084307D15F
:1049B000012104F1280008F087F9054605B1A84651
:1049C000202200216068104049405040014307D137
:1049D000022104F1280008F077F9054605B1A84640
:1049E000B8F1000F02D10020BDE8F0810120FBE703
:1049F0002DE9F04104460D4614B90120BDE8F081CF
:104A0000BD48006800F00F00A8420ED2BA48006806
:104A100020F00F002843B84908600846006800F0FD
:104A20000F00A84201D00120E8E7207800F0040040
:104A300004280ED1B1492069096801F0700188424B
:104A400007D9AE48006820F0700021690843AB49DF
:104A50000860207800F00800082811D1A749091D36
:104A60006069096801F07001884209D9A348001DF6
:104A7000006820F0700061690843A049091D0860C2
:104A8000207800F01000102811D19C49091DA06960
:104A9000096801F4E061884209D99848001D00685E
:104AA00020F4E060A16908439449091D086020785A
:104AB00000F02000202811D190490831E0690968F0
:104AC00001F07001884209D98C480830006820F054
:104AD0007000E1690843894908310860207800F0D6
:104AE000020002280ED18549E068096801F00F0133
:104AF000884207D98148006820F00F00E168084328
:104B00007E490860207800F00100002850D07B48E2
:104B1000006820F47060A168084378490860606804
:104B2000022807D1754818380068C0F34040F8B92A
:104B3000012063E76068032807D1704818380068CF
:104B4000C0F34060A0B9012058E76068012807D190
:104B50006A4818380068C0F3002048B901204DE7C2
:104B6000664818380068C0F3800008B9012045E79E
:104B700062480838006820F00700616808435F4910
:104B800008390860FEF778FD064608E0FEF774FD78
:104B9000801B41F28831884201D903202EE7574813
:104BA0000838006800F038006168B0EBC10FEDD143
:104BB000207800F0020002280ED15049E068096810
:104BC00001F00F01884207D24C48006820F00F0026
:104BD000E1680843494908604748006800F00F0051
:104BE000A8420ED94448006820F00F0028434249EB
:104BF00008600846006800F00F00A84201D00120BC
:104C0000FCE6207800F0040004280ED13B4920691E
:104C1000096801F07001884207D23848006820F026
:104C200070002169084335490860207800F00800C9
:104C3000082811D13149091D6069096801F0700126
:104C4000884209D22D48001D006820F0700061697B
:104C500008432A49091D0860207800F01000102838
:104C600011D12649091DA069096801F4E061884253
:104C700009D22248001D006820F4E060A1690843C1
:104C80001E49091D0860207800F02000202811D15D
:104C90001A490831E069096801F07001884209D2B7
:104CA00016480830006820F07000E1690843134995
:104CB0000831086000F076F810490968C1F3032153
:104CC0000F4A515C01F01F0120FA01F70B48006800
:104CD00000F00F001146085C00F01F0027FA00F0FA
:104CE000084908600848076008480068FEF706FDA4
:104CF0008046404682E600000020005218440258D8
:104D000060D70008140000241000002408000024CC
:104D100010B500F047F80D490968C1F303210C4AAA
:104D2000515C01F01F0120FA01F40848006800F00E
:104D30000F001146085C00F01F0024FA00F005493E
:104D40000860054804600846006810BD1844025811
:104D500060D70008140000241000002400B5FFF7FD
:104D6000D7FF05490968C1F30211044A515C01F0FB
:104D70001F01C84000BD00001C44025860D7000855
:104D800000B5FFF7C5FF05490968C1F30221044AD0
:104D9000515C01F01F01C84000BD00001C440258D6
:104DA00060D70008F0B5824E366806F0380636B196
:104DB000082E15D0102E15D0182E7DD114E07C4E63
:104DC000103E3668C6F3401646B1794E103E36683E
:104DD000C6F3C107774E26FA07F000E07548E5E014
:104DE0007548E3E07548E1E0714E1836366806F024
:104DF00003046F4E18363668C6F305116C4E1C3628
:104E0000366806F001056A4E24363668C6F3CC06CD
:104E100016FB05F601EE106AB8EE410A002971D0C2
:104E200024B1012C50D0022C6DD16DE0604E103EAB
:104E30003668C6F340163EB35D4E103E3668C6F384
:104E4000C1075C4E26FA07F301EE103AF8EE411A5C
:104E500001EE101AB8EE411A81EE812A9FED581A20
:104E6000C0EE011A524E20363668C6F3080601EE2F
:104E7000106AB8EE411A31EE811AF7EE001A31EEDF
:104E8000211A62EE010A1EE001EE101AB8EE411A74
:104E9000DFED4C1A81EE812A9FED491AC0EE011A0E
:104EA000434E20363668C6F3080601EE106AB8EEA7
:104EB000411A31EE811A00E076E0F7EE001A31EE89
:104EC000211A62EE010A5BE001EE101AB8EE411AF7
:104ED0009FED3D2AC2EE011A9FED391A80EE012A9C
:104EE000334E20363668C6F3080601EE106AB8EE77
:104EF000411A32EE011AB7EE002A31EE021A61EEC3
:104F0000810A3DE04EE01DE001EE101AB8EE411AB4
:104F1000DFED2E1A81EE812A9FED291AC0EE011ACB
:104F2000234E20363668C6F3080601EE106AB8EE46
:104F3000411A31EE811AF7EE001A31EE211A62EEB3
:104F4000010A1DE001EE101AB8EE411A9FED1E2A6B
:104F5000C2EE011A9FED1A1A80EE012A144E203675
:104F60003668C6F3080601EE106AB8EE411A32EE52
:104F7000011AB7EE002A31EE021A61EE810A00BF73
:104F800000BF0B4E20363668C6F34626721C01EE73
:104F9000102AB8EE411AC0EE811ABCEEE11A11EEE9
:104FA000100A00E0002001E0034800BF00BFF0BD90
:104FB000104402580090D00300093D0000366E01F5
:104FC000000000460024744C0024744A001BB74BB8
:104FD0002DE9F047044614B90120BDE8F087207898
:104FE00000F00100002870D0F948006800F038088F
:104FF000F7481830D0F80090B8F1100F06D0B8F18B
:10500000180F0FD109F0030002280BD1F048103817
:105010000068C0F3404000286AD06068002867D16B
:105020000120DAE700BF6068B0F5803F08D1E848AA
:105030001038006840F48030E549103908602EE0EF
:10504000606868B9E2481038006820F48030E049B0
:10505000103908600846006820F4802008601EE0CF
:105060006068B0F5A02F0DD1D9481038006840F421
:105070008020D749103908600846006840F4803025
:1050800008600CE0D2481038006820F48030D04925
:10509000103908600846006820F48020086000BFCE
:1050A000606898B1FEF7E8FA054606E0FEF7E4FA14
:1050B000401B642801D903208FE7C54810380068D9
:1050C000C0F340400028F1D012E012E0FEF7D4FA1D
:1050D000054606E0FEF7D0FA401B642801D90320FC
:1050E0007BE7BB4810380068C0F340400028F1D18E
:1050F00000BF207800F00200022879D1B44800688F
:1051000000F03808B2481830D0F80090B8F1000F1D
:1051100005D0B8F1180F35D109F0030088BBAC48B1
:1051200010380068C0F3800018B1E06808B90120A9
:1051300053E7A7481038006820F01900E1680843D9
:10514000A34910390860FEF797FA054606E0FEF716
:1051500093FA401B022801D903203EE79C481038EF
:105160000068C0F380000028F1D099480C3800682E
:1051700020F0FE40217C40EA016095490C3908602E
:1051800045E0FFE7E06838B391481038006820F048
:105190001900E16808438E4910390860FEF76CFA7F
:1051A000054606E0FEF768FA401B022801D90320F5
:1051B00013E7874810380068C0F380000028F1D05A
:1051C00083480C38006820F0FE40217C40EA0160F2
:1051D0007F490C3908601AE07D481038006820F0DB
:1051E00001007B4910390860FEF746FA054607E0E2
:1051F0000EE0FEF741FA401B022801D90320ECE63D
:10520000734810380068C0F380000028F1D100BF57
:10521000207800F0100010286FD16D48006800F071
:1052200038086B481830D0F80090B8F1080F06D055
:10523000B8F1180F1CD109F00300012818D16448F7
:1052400010380068C0F3002020B1E069802801D048
:105250000120C2E600BF5E48001F006820F07C50BD
:1052600094F8201040EA01605949091F086043E0A2
:10527000E06938B356481038006840F0800054495F
:1052800010390860FEF7F8F9054606E0FEF7F4F974
:10529000401B022801D903209FE64D4810380068C2
:1052A000C0F300200028F1D000BF4948001F00686B
:1052B00020F07C5094F8201040EA01604449091F16
:1052C000086019E042481038006820F0800040492A
:1052D00010390860FEF7D0F9054606E0FEF7CCF974
:1052E000401B022801D9032077E6394810380068AE
:1052F000C0F300200028F1D100BF207800F00800A2
:10530000082836D16069D0B131486430006840F077
:1053100001002F4964310860FEF7AEF9054606E04A
:10532000FEF7AAF9401B022801D9032055E62848B8
:1053300064300068C0F340000028F1D019E0244830
:105340006430006820F00100214964310860FEF7F4
:1053500093F9054606E0FEF78FF9401B022801D9B4
:1053600003203AE61A4864300068C0F34000002881
:10537000F1D1207800F02000202838D1A069D0B1E8
:1053800013481038006840F4805011491039086003
:10539000FEF772F9054606E0FEF76EF9401B02289B
:1053A00001D9032019E60A4810380068C0F34030DC
:1053B0000028F1D01BE006481038006820F4805027
:1053C000034910390860FEF757F9054609E0000067
:1053D00010440258FEF750F9401B022801D903205F
:1053E000FBE5D0480068C0F340300028F2D12078B7
:1053F00000F0040004287DD1CB48006840F48070A0
:10540000C9490860FEF738F9054606E0FEF734F9A9
:10541000401B642801D90320DFE5C348006800F47D
:1054200080700028F2D000BFA068012808D1BD48D4
:105430007030006840F00100BA49703108602DE01A
:10544000A06868B9B7487030006820F00100B5491D
:10545000703108600846006820F0040008601DE014
:10546000A06805280DD1AF487030006840F00400F6
:10547000AC49703108600846006840F001000860DF
:105480000CE0A8487030006820F00100A549703198
:1054900008600846006820F00400086000BFA068AB
:1054A000A0B1FEF7E9F8054608E0FEF7E5F8401B75
:1054B00041F28831884201D903208EE59948703045
:1054C0000068C0F340000028EFD013E0FEF7D4F8E6
:1054D000054608E0FEF7D0F8401B41F288318842CB
:1054E00001D9032079E58F4870300068C0F340008F
:1054F0000028EFD1606A00287DD08A48103000680B
:1055000000F03800182877D0606A022875D18548E5
:10551000006820F0807083490860FEF7ADF805460A
:1055200006E0FEF7A9F8401B022801D9032054E544
:105530007C480068C0F340600028F2D100BFD4E985
:105540000A1041EA001077492831096840F2F33225
:1055500091430843734928310860208E401EC0F3F0
:105560000800616B491E4FF47E4202EA4121084364
:10557000218F491ED20102EA014108433C21095D05
:10558000491E120202EA016108436649303108608F
:1055900000BF081F006820F00100091F0860614873
:1055A000343000684FF6F8718843A16C40EAC100BE
:1055B0005C49343108605B482C30006820F00C00F6
:1055C000216C084357492C3108600846006820F0D8
:1055D0000200616C084353492C310860084600689A
:1055E00040F4803008600846006840F400300860ED
:1055F0000846006802E092E038E01FE040F48020B6
:1056000008600846006840F00100086045480068EE
:1056100040F0807043490860FEF72EF8054606E02A
:10562000FEF72AF8401B022801D90320D5E43D48A3
:105630000068C0F340600028F2D070E0394800688C
:1056400020F0807037490860FEF716F8054606E03E
:10565000FEF712F8401B022801D90320BDE43148AF
:105660000068C0F340600028F2D158E02D4828308F
:1056700007682C4830300668606A012821D007F09E
:105680000301A06A81421CD1C7F30511E06A884278
:1056900017D1C6F30801206B401E814211D1606B07
:1056A000401EC6F3462188420BD1A06B401EC6F3B4
:1056B0000641884205D1E06B401EC6F30661884270
:1056C00001D0012089E4174834300068C0F3CC07CA
:1056D000A06CB84223D013482C30006820F00100A1
:1056E00010492C310860FDF7C7FF054600BFFDF7E4
:1056F000C3FF401BFBD00B48343000684FF6F871F5
:105700008843A16C40EAC10006493431086005486D
:105710002C30006840F0010002492C310860002064
:105720005BE400000044025800480258034A126833
:1057300082430A43014B1A6070470000040400587A
:1057400070B504462546681EB0F1807F01D3012064
:105750000FE0681E4FF0E02148610F214FF0FF304D
:1057600007F0E4F900204FF0E0218861072008618C
:10577000002070BD704770477047000030B502468A
:105780000B4600BF92F83C00012801D1022030BD39
:10579000012082F83C0000BF022082F83D00106822
:1057A000416810688468254D1068A84203D0244DD4
:1057B0001068A84203D121F470015868014321F018
:1057C000700118680143106841601C4D1068A842C0
:1057D00023D01068B0F1804F1FD01A4D1068A84236
:1057E0001BD0194D1068A84217D0184D1068A84258
:1057F00013D0134D1068A8420FD0154D1068A84261
:105800000BD0144D1068A84207D0134D1068A84261
:1058100003D0124D1068A84205D124F08004986886
:10582000044310688460012082F83D0000BF00201E
:1058300082F83C0000BF00BFA9E700000000014063
:10584000000401400004004000080040000C00403B
:10585000001800400040014000E0004000E400402B
:1058600010B504460CB9012010BD94F83D0028B9CC
:10587000002084F83C00204600F02AF8022084F83A
:105880003D00211D206802F095FA012084F84800AF
:1058900000BF84F83E0001213F2001554020015502
:1058A00041200155422001554320015500BF00BF52
:1058B000012084F844004520015546200155472029
:1058C000015500BF012084F83D000020CCE7000016
:1058D00038B504461A492068884216D100BF1948D5
:1058E000006840F00400174908600846006800F0AE
:1058F0000400009000BF00BF002211461E20FDF7EB
:105900004FFF1E20FDF738FF19E00F49206888423D
:1059100015D100BF0B48006840F008000949086035
:105920000846006800F00800009000BF00BF002299
:1059300011463220FDF734FF3220FDF71DFF38BD40
:1059400000080040E8440258000C0040014691F86D
:105950003D00012801D001207047022081F83D0060
:105960000868C06840F001000B68D860204B0868E8
:10597000984223D00868B0F1804F1FD01D4B0868B3
:1059800098421BD01C4B0868984217D01B4B0868E4
:10599000984213D01A4B086898420FD0194B0868E8
:1059A00098420BD0184B0868984207D0174B0868EC
:1059B000984203D0164B0868984210D10868806856
:1059C000144B00EA0302062A0FD0B2F5803F0CD038
:1059D0000868006840F001000B68186005E008687E
:1059E000006840F001000B6818600020B4E7000078
:1059F000000001400004004000080040000C00408E
:105A000000040140001800400040014000E0004058
:105A100000E40040070001002DE9F04104460D4676
:105A2000002700BF94F83C00012802D10220BDE805
:105A3000F081012084F83C0000BF022084F83D0082
:105A4000206886684048064026F47F4620688660C5
:105A50002868702826D00CDC00F00F01002966D1E0
:105A60000011072863D2DFE800F0555657584B372E
:105A70004100B0F1101F52D009DCB0F5805F10D0AA
:105A8000B0F5005F1BD0B0F5801F50D146E0A0F507
:105A900080102038002843D0102842D0202846D13A
:105AA00040E046E0D5E902136A68206802F007FA90
:105AB0002068866846F077062068866039E0D5E978
:105AC00002136A68206802F0FAF92068806840F4DE
:105AD0008040216888602CE0EA686968206806F0E8
:105AE0008DFB5021206806F07DFB22E0EA686968A2
:105AF000206806F0B9FB6021206806F073FB18E00F
:105B0000EA686968206806F079FB4021206806F0A1
:105B100069FB0EE000BF00BF00BF00BF00BF00BFB9
:105B200000BF00BF2968206806F05CFB01E0012788
:105B300000BF00BF012084F83D0000BF002084F8B2
:105B40003C0000BF384672E788FFCEFF704770B553
:105B500004462068C6682068056905F0020002282E
:105B600019D106F00200022815D1401F21680861F2
:105B7000012020772068806900F0030018B12046DA
:105B8000FFF7E4FF05E0204600F0FEF8204600F0B5
:105B900017FA0020207705F00400042819D106F038
:105BA0000400042815D1C043216808610220207731
:105BB0002068806900F4407018B12046FFF7C6FFE6
:105BC00005E0204600F0E0F8204600F0F9F900205A
:105BD000207705F00800082819D106F008000828E9
:105BE00015D1C04321680861042020772068C0696E
:105BF00000F0030018B12046FFF7A8FF05E020469B
:105C000000F0C2F8204600F0DBF90020207705F014
:105C10001000102819D106F01000102815D1C0432B
:105C200021680861082020772068C06900F440706E
:105C300018B12046FFF78AFF05E0204600F0A4F8DF
:105C4000204600F0BDF90020207705F0010048B1A2
:105C500006F0010030B16FF00100216808612046B4
:105C600000F06EFA05F08000802804D005F40050A2
:105C7000B0F5005F0AD106F08000802806D16FF4ED
:105C80000250216808612046FFF775FD05F4807019
:105C9000B0F5807F0AD106F08000802806D16FF42D
:105CA0008070216808612046FFF764FD05F0400020
:105CB000402809D106F04000402805D1C0432168A2
:105CC0000861204600F03CFB05F02000202809D1A7
:105CD00006F02000202805D1C04321680861204635
:105CE000FFF74AFD70BD000010B586B004461421D0
:105CF00001A8FAF7A0FC2049206888421AD100BF09
:105D00001E48006840F002001C4908600846006810
:105D100000F00200009000BF00BF0220019002903E
:105D20000020039004900220059001A91448FDF77B
:105D300097FB1FE01349206888421BD100BF0F4822
:105D4000006840F002000D4908600846006800F055
:105D50000200009000BF00BF4FF4004001900220FD
:105D600002900020039004900220059001A90448AD
:105D7000FDF776FB06B010BD00040040E044025879
:105D8000000402580018004070472DE9F041044615
:105D90000D461646002700BF94F83C00012802D1AA
:105DA0000220BDE8F081012084F83C0000BF0C2EE9
:105DB00051D005DC4EB1042E1ED0082E7AD133E02E
:105DC000102E60D0142EF9D175E02946206806F017
:105DD000ABF82068806940F008002168886120687D
:105DE000806920F004002168886120688069296941
:105DF00008432168886178E02946206802F06AF843
:105E00002068806940F400602168886120688069AA
:105E100020F480602168886120688069296940EAEF
:105E200001202168886160E02946206806F0D4F8E6
:105E30002068C06940F008002168C8612068C06916
:105E400020F004002168C8612068C06929690843FE
:105E50002168C86149E02946206806F019F92068E0
:105E6000C06940F400602168C8612068C06920F4FE
:105E700080602168C8612068C069296940EA012002
:105E80002168C86131E02946206806F03BF92068A6
:105E9000406D40F00800216848652068406D20F0A2
:105EA0000400216848652068406D2969084321681D
:105EB00048651AE017E02946206806F05BF920687B
:105EC000406D40F40060216848652068406D20F412
:105ED0008060216848652068406D296940EA01209A
:105EE0002168486501E0012700BF00BF00BF002016
:105EF00084F83C0000BF384653E710B504460CB99F
:105F0000012010BD94F83D0028B9002084F83C0021
:105F1000204600F029F8022084F83D00211D206869
:105F200001F048FF012084F8480000BF84F83E00DB
:105F300001213F20015540200155412001554220BB
:105F400001554320015500BF00BF012084F84400E3
:105F500045200155462001554720015500BF01202D
:105F600084F83D000020CCE708B5124A0168914250
:105F70000DD100BF1049096841F002010E4A1160BD
:105F80001146096801F00201009100BF11E00B4ABF
:105F9000016891420DD100BF0749096841F04001F5
:105FA000054A11601146096801F04001009100BFE7
:105FB00000BF08BD00040040E8440258001800403B
:105FC0007047000070B504460D4615B994F83E00C0
:105FD00015E0042D02D13F20005D10E0082D02D114
:105FE0004020005D0BE00C2D02D14120005D06E059
:105FF000102D02D14220005D01E04320005D012808
:1060000001D0012070BD1DB9022084F83E001AE0C5
:10601000042D03D102213F20015514E0082D03D1A6
:106020000221402001550EE00C2D03D10221412018
:10603000015508E0102D03D102214220015502E054
:1060400002214320015501222946206801F026FF44
:106050002F49206888420FD02E49206888420BD0F3
:106060002D492068884207D02C492068884203D0F7
:106070002B492068884201D1012000E0002028B18E
:106080002068406C40F40040216848642049206842
:10609000884223D02068B0F1804F1FD0214920686A
:1060A00088421BD020492068884217D01F492068A9
:1060B000884213D01749206888420FD01C492068B5
:1060C00088420BD014492068884207D019492068BB
:1060D000884203D018492068884210D1206880681F
:1060E000164900EA0106062E0FD0B6F5803F0CD007
:1060F0002068006840F001002168086005E0206821
:10610000006840F001002168086000207AE7000084
:1061100000000140000401400040014000440140F3
:10612000004801400004004000080040000C00400E
:106130000018004000E0004000E4004007000100BB
:1061400010B504465E48007800B910BD5D4920686E
:10615000884207D15C484068002802D05A49486804
:106160008047ABE02068B0F1804F07D157484068C6
:106170000028F6D05549486880479FE05449206878
:10618000884207D1534840680028EAD051494868FE
:10619000804793E050492068884207D14F484068C3
:1061A0000028DED04D494868804787E04C49206888
:1061B000884207D14B48406800287FD04949486849
:1061C00080477BE048492068884207D147484068BB
:1061D000002873D04549486880476FE044492068EB
:1061E000884207D143484068002867D04149486841
:1061F000804763E040492068884207D13F484068B3
:1062000000285BD03D494868804757E03C492068FA
:10621000884207D13B48406800284FD03949486838
:1062200080474BE038492068884206D137484068AB
:1062300018B336494868804740E0354920688842AD
:1062400006D134484068C0B132494868804735E0DB
:1062500031492068884206D13048406868B12F49EA
:10626000486880472AE02E492068884206D12D4898
:10627000406810B12B49486880471FE02A492068D0
:10628000884206D129484068C0B1284948688047FB
:1062900014E027492068884206D12648406868B142
:1062A00024494868804709E023492068884205D18D
:1062B0002248406810B121494868804700BF44E740
:1062C000BC0100240000014018000024200000242C
:1062D0000004004028000024000800403000002492
:1062E000000C004038000024001000404000002452
:1062F0000014004048000024000401405000002425
:106300000018004058000024001C004060000024D9
:10631000002000406800002400400140700000247C
:10632000004401407800002400480140800000241F
:1063300000E000408800002400E4004090000024B9
:106340007047014600BF91F88400012801D1022066
:106350007047012081F8840000BF2420C1F8880024
:10636000086802680868006820F001000B6818607F
:1063700022F0005200204866086802602020C1F820
:10638000880000BF002081F8840000BF00BFDFE765
:106390002DE9F04104460E461746D4F88C0020281B
:1063A00025D106B117B90120BDE8F0810120E066D2
:1063B000002020673A463146204602F06DFA054635
:1063C0009DB9E06E01280FD110202168086200BF3E
:1063D00000BF216851E8001F41F01000226842E828
:1063E00000010029F5D100E001252846DCE7022064
:1063F000DAE7000070B504460D4678492068884207
:1064000013D17748D0F8080230B175482946D0F842
:10641000082200F5827090477148B0F8042200F518
:1064200082712046FFF7B4FFD6E06E4920688842AB
:1064300013D16D48D0F8080230B16B482946D0F826
:10644000082200F5827090476748B0F8042200F5F2
:1064500082712046FFF79CFFBEE0644920688842B5
:1064600013D16348D0F8080230B161482946D0F80A
:10647000082200F5827090475D48B0F8042200F5CC
:1064800082712046FFF784FFA6E05A4920688842BF
:1064900013D15948D0F8080230B157482946D0F8EE
:1064A000082200F5827090475348B0F8042200F5A6
:1064B00082712046FFF76CFF8EE0504920688842C9
:1064C00013D14F48D0F8080230B14D482946D0F8D2
:1064D000082200F5827090474948B0F8042200F580
:1064E00082712046FFF754FF76E0464920688842D3
:1064F00013D14548D0F8080230B143482946D0F8B6
:10650000082200F5827090473F48B0F8042200F559
:1065100082712046FFF73CFF5EE03C4920688842DC
:1065200013D13B48D0F8080230B139482946D0F899
:10653000082200F5827090473548B0F8042200F533
:1065400082712046FFF724FF46E0324920688842E6
:1065500013D13148D0F8080230B12F482946D0F87D
:10656000082200F5827090472B48B0F8042200F50D
:1065700082712046FFF70CFF2EE0284920688842F0
:1065800013D12748D0F8080230B125482946D0F861
:10659000082200F5827090472148B0F8042200F5E7
:1065A00082712046FFF7F4FE16E01E4920688842FB
:1065B00012D11D48D0F8080230B11B482946D0F846
:1065C000082200F5827090471748B0F8042200F5C1
:1065D00082712046FFF7DCFE70BD00000010014014
:1065E000E00D002400440040EC0F0024004800406F
:1065F000F8110024004C0040041400240050004016
:1066000010160024001401401C18002400780040DB
:10661000281A0024007C0040341C0024001801408B
:10662000401E0024001C01404C200024704770B51F
:1066300004460D4600BF94F88400012801D10220D1
:1066400070BD012084F8840000BF2420C4F88800B5
:10665000206806682068006820F001002168086052
:106660002068806820F060602843216888602046A8
:1066700006F0DCFB206806602020C4F8880000BF1C
:10668000002084F8840000BF00BFD9E770B504463D
:106690000D4600BF94F88400012801D1022070BD8E
:1066A000012084F8840000BF2420C4F888002068FA
:1066B00006682068006820F00100216808602068F2
:1066C000806820F06040284321688860204606F0FA
:1066D000ADFB206806602020C4F8880000BF0020C1
:1066E00084F8840000BF00BFD9E770477047704747
:1066F0002DE9F04704462068C569206806682068CF
:10670000876840F60F0005EA0009B9F1000F0FD1C4
:1067100005F0200060B106F0200010B907F08050AD
:1067200030B1606F10B12046616F8847BDE8F087D7
:10673000B9F1000F7ED0F848384018B9F74830401A
:106740000028F7D005F0010058B106F4807040B180
:10675000012021680862D4F8900040F00100C4F8DC
:10676000900005F0020058B107F0010040B102208E
:1067700021680862D4F8900040F00400C4F890004A
:1067800005F0040058B107F0010040B10420216871
:106790000862D4F8900040F00200C4F8900005F0C0
:1067A000080070B106F0200010B9DB48384040B155
:1067B000082021680862D4F8900040F00800C4F86E
:1067C000900005F4006060B106F0806048B14FF4BD
:1067D000006021680862D4F8900040F02000C4F8FE
:1067E0009000D4F89000002852D005F0200050B15D
:1067F00006F0200010B907F0805020B1606F10B192
:106800002046616F8847D4F890A02068806800F027
:106810004000402802D00AF0280070B3204605F05E
:106820005BFE2068806800F04000402826D100BF51
:1068300000BF00E02DE02168083151E8001F21F081
:1068400040002168083141E80002002AF1D100BF70
:10685000D4F8800068B1B248D4F880100865D4F844
:106860008000FAF755FA98B1D4F88000016D884796
:106870000EE02046FFF73BFF0AE003E02046FFF76B
:1068800036FF05E02046FFF732FF0020C4F89000F5
:106890004CE7E06E01287DD105F01000002879D08A
:1068A00006F010000028FAD0102021680862206845
:1068B000806800F0400040286DD1D4F88000006866
:1068C000984988426BD0D4F8800000689549183107
:1068D000884264D0D4F88000006892493031884200
:1068E0005DD0D4F8800000688E494831884256D087
:1068F000D4F8800000688B49603188424FD0D4F8CA
:106900008000006887497831884248D0D4F88000F8
:10691000006884499031884241D0D4F880000068F2
:106920008049A83188423AD0D4F8800000687E4976
:10693000884234D0D4F8800000687B4918318842FE
:106940002DD0D4F88000006877493031884226D0B5
:10695000D4F8800000687449483188421FD0D4F8C8
:106960008000006870496031884218D0D4F88000F7
:1069700000686D497831884211D0D4F880000068F1
:106980006949903188420AD0D4F88000006866498D
:10699000A83102E0CAE07BE001E0884204D1D4F8EB
:1069A00080000068406803E0D4F880000068406818
:1069B0001FFA80F8B8F1000F58D0B4F85C004045D9
:1069C00054DDA4F85E80D4F88000C069B0F5807F03
:1069D00040D000BF00BF216851E8001F21F4807043
:1069E000226842E800010029F5D100BF00BF00BFC6
:1069F0002168083151E8001F21F0010021680831A9
:106A000041E80002002AF3D100BF00BF00BF2168A7
:106A1000083151E8001F21F040002168083141E8A9
:106A20000002002AF3D100BF2020C4F88C0000200F
:106A3000E06600BF00BF216851E8001F21F0100090
:106A4000226842E800010029F5D100BFD4F8800097
:106A5000F9F7F0FE02202067B4F85C00B4F85E207D
:106A6000801A81B22046FFF7C5FC10E0B4F85C0044
:106A700040450CD1D4F88000C069B0F5807F06D1C4
:106A800002202067B4F85C102046FFF7B3FC4DE607
:106A900034F85C0F6188401A1FFA80F860885C3C0B
:106AA000C8B3B8F1000F36D000BF00BF216851E86D
:106AB000001F21F49070226842E800010029F5D1FE
:106AC00000BF00BF00BF2168083151E8001F124A13
:106AD000D24301EA02002168083141E80002002A9D
:106AE000F1D100BF2020C4F88C000020E066606770
:106AF00000BF00BF216851E8001F21F0100022688C
:106B000042E800010029F5D100BF0220206741467C
:106B10002046FFF76FFC09E6010000102001000489
:106B20002DC70008100002401004024005F4801038
:106B300050B107F4800038B14FF48010216808622A
:106B40002046FFF7D3FDF1E505F0800058B106F0CF
:106B5000800010B907F4000028B1A06F10B12046E2
:106B6000A16F8847E2E505F0400030B106F0400033
:106B700018B1204605F0C2FDD8E505F4000030B19B
:106B800006F0804018B12046FFF7AFFDCEE505F0D6
:106B9000807030B106F0004018B12046FFF746FD86
:106BA000C4E500BFC2E510B504460CB9012010BD14
:106BB000A06900B100E000BFD4F8880028B9002027
:106BC00084F88400204600F02BF82420C4F88800C4
:106BD0002068006820F0010021680860A06A10B1F8
:106BE000204601F053FA204601F042FB012800D173
:106BF000DDE72068406820F4904021684860206804
:106C0000806820F02A00216888602068006840F0D1
:106C1000010021680860204601F0B4FAC7E70000CF
:106C200010B5B6B00446142130A8F9F704FDB82118
:106C300002A8F9F700FDFE49206888427CD10221B4
:106C40000020CDE902101F9002A8FDF76DF808B1F1
:106C5000F9F7D5FD00BFF748006840F48010F5490A
:106C600008600846006800F48010019000BF00BF73
:106C700000BFF0480838006840F00200ED490839CC
:106C800008600846006800F00200019000BF00BFE5
:106C900000BF0846006840F0080008600846006829
:106CA00000F00800019000BF00BF4FF4005030908A
:106CB000022031900020329033900E20349030A981
:106CC000DD48FCF7CDFB04203090022031900020FD
:106CD000329033900820349030A9D848FCF7C0FB9C
:106CE000D748D8490860412048600021D5488160D4
:106CF000C1604FF4806101610021416181614FF405
:106D00008071C1614FF44031016200214162FAF7A4
:106D100047FF08B1F9F773FD00BFCA48C4F8800007
:106D2000846300BF002211463520FCF739FD352071
:106D3000FCF722FDB7E2FFE7C349206888427BD118
:106D400002210020CDE902101F9002A8FCF7ECFF01
:106D500008B1F9F754FD00BFB648006840F0804024
:106D6000B44908600846006800F08040019000BF08
:106D700000BF00BFAF480838006840F01000AD49C0
:106D8000083908600846006800F01000019000BF54
:106D900000BF4FF4C070309002203190002032903C
:106DA00033900720349030A9A848FCF759FBA84835
:106DB000A84908604F2048600021A6488160C16052
:106DC0004FF480610161002141618161C161016213
:106DD0004162FAF7E5FE08B1F9F711FD00BF9D48E1
:106DE000C4F88000846300BF994878309A490860ED
:106DF000502048604021984881600021C1604FF4D4
:106E000080610161002141618161C1610162416272
:106E1000FAF7C6FE08B1F9F7F2FC00BF8E48E0674A
:106E2000846300BF002211465220FCF7B9FC5220B7
:106E3000FCF7A2FC37E2FFE78849206888427CD152
:106E400002200021CDE9020100201F9002A8FCF7DA
:106E50006BFF08B1F9F7D3FC00BF7648006840F03B
:106E60000040744908600846006800F00040019046
:106E700000BF00BF00BF6F480838006840F0100036
:106E80006C49083908600846006800F0100001905D
:106E900000BF00BF032030900220319000203290CC
:106EA00033900820349030A96848FCF7D9FA684834
:106EB00090306B49086052204860402168488160EA
:106EC0000021C1604FF48061016100214161816155
:106ED000C16101624162FAF763FE08B1F9F78FFC04
:106EE00000BF5F48E067846300BF5948A8305D4930
:106EF00008605120486000215A488160C1604FF409
:106F000080610161002141618161C1610162416271
:106F1000FAF746FE08B1F9F772FC00BF5148C4F811
:106F20008000846300BF002211465320FCF738FC28
:106F30005320FCF721FCB6E1FFE74B49206888426B
:106F400074D101200021CDE902010020209002A887
:106F5000FCF7EAFE08B1F9F752FC00BF35480830EB
:106F6000006840F0100033490831086008460068A6
:106F700000F01000019000BF00BF00BF2D4808388E
:106F8000006840F001002B49083908600846006895
:106F900000F00100019000BF00BF4FF4C0603090CE
:106FA000022031900020329033900720349030A995
:106FB0002E48FCF755FA264818302D49086029203C
:106FC000486000212A488160C1604FF480610161FE
:106FD000002141618161C16101624162FAF7E0FD16
:106FE00008B1F9F70CFC00BF2148C4F880008463A5
:106FF00000BF174830301F4908602A2048604021F0
:107000001C4881600021C1604FF480610161002152
:1070100041618161C16101624162FAF7C1FD08B15C
:10702000F9F7EDFB00BF1348E06725E02FE0000013
:1070300000500040E844025800040258000C025876
:1070400010040240E40800240078004000100258B8
:10705000100002405C090024D4090024007C004098
:107060004C0A0024C40A0024001001400000025809
:107070003C0B0024B40B0024846300BF00221146A3
:107080002520FCF78DFB2520FCF776FB0BE18749DB
:10709000206888423FD102200021CDE90201002072
:1070A0001F9002A8FCF740FE08B1F9F7A8FB00BF4B
:1070B0007F48006840F400307D4908600846006859
:1070C00000F40030019000BF00BF00BF78480838CE
:1070D000006840F0080076490839086008460068F2
:1070E00000F00800019000BF00BF60203090022037
:1070F00031900020329033900720349030A96D48B1
:10710000FCF7AEF9002211462620FCF749FB2620A9
:10711000FCF732FBC7E068492068884237D102217A
:107120000020CDE902101F9002A8FCF7FDFD08B178
:10713000F9F765FB00BF5E48006840F480205C49B9
:1071400008600846006800F48020019000BF00BF7E
:1071500000BF57480838006840F008005449083913
:1071600008600846006800F00800019000BF00BFFA
:107170004FF44070309002203190002032903390D4
:107180000720349030A94B48FCF76AF98BE04B4953
:1071900020688842BED101210020CDE90210209054
:1071A00002A8FCF7C1FD08B1F9F729FB00BF404870
:1071B0000830006840F080003D490831086008460A
:1071C000006800F08000019000BF00BF00BF384899
:1071D0000838006840F01000354908390860084652
:1071E000006800F01000019000BF00BF0420309044
:1071F000022031900020329033900420349030A946
:107200002F48FCF72DF90820309002203190002003
:10721000329033900B20349030A92948FCF720F9A4
:107220002848294908607620486000212648816066
:10723000C1604FF480610161002141618161C161E0
:1072400001624162FAF7ACFC08B1F9F7D8FA00BF65
:107250001D48C4F88000846300BF1A4818301B49D9
:107260000860772048604021184881600021C16093
:107270004FF480610161002141618161C16101625E
:107280004162FAF78DFC08B1F9F7B9FA00BF0F486F
:10729000E067846300BF002211469C20FCF780FA5F
:1072A0009C20FCF769FA36B010BD00000044004095
:1072B000E8440258000C025800480040001C0140FD
:1072C00000100258580002402C0C0024A40C00248A
:1072D0007047704730B50346D3F88800202845D161
:1072E00001B10AB9012030BD43F8501F9A80DA80FD
:1072F000002098621864212098635869503BB0F1CF
:10730000005F19D19868B0F5805F04D1186910B991
:107310001748986701E01748986700BF00BF1C68CE
:10732000083454E8004F44F400001C68083444E872
:107330000005002DF3D117E09868B0F5805F04D107
:10734000186910B90C48986701E00C48986700BFAD
:1073500000BF1C6854E8004F44F080001D6845E8F9
:107360000004002CF5D100BF0020BCE70220BAE7E2
:10737000B9C700083BC7000883C3000827C300083B
:1073800010B5044604492068884204D10022102127
:107390000248FCF76BF910BD00440040000C025895
:1073A00000BFFEE708B500BF3148006840F00100AB
:1073B0002F4908600846006800F00100009000BFF7
:1073C00000BF00BF0846006840F0020008600846A1
:1073D000006800F00200009000BF00BF00221146CC
:1073E0000B20FCF7DDF90B20FCF7C6F90022114653
:1073F0000C20FCF7D5F90C20FCF7BEF90022114651
:107400000D20FCF7CDF90D20FCF7B6F9002211464E
:107410000E20FCF7C5F90E20FCF7AEF9002211464C
:107420000F20FCF7BDF90F20FCF7A6F9002211464A
:107430001020FCF7B5F91020FCF79EF90022114648
:107440001120FCF7ADF91120FCF796F90022114646
:107450002F20FCF7A5F92F20FCF78EF9002211460A
:107460003820FCF79DF93820FCF786F908BD0000AC
:10747000D844025810B51F481F4908600020886092
:1074800000211D48C16001210174002141740121C6
:107490008174032141610A2181611D21C1610A2199
:1074A0000162032141620A2181621D21C1620A2118
:1074B000016300214163032181630421C163082129
:1074C000016404214164082181640421C164002114
:1074D00001650421416500218165C16520210166A6
:1074E0000021416604218166FBF7EAFB08B1F9F748
:1074F00086F910BD00A00040C801002410B5204846
:10750000204908600020886000211E48C1600121D8
:1075100001740021417401218174032141610A2118
:1075200081611D21C1610A210162032141620A2199
:1075300081621D21C1620A2101634FF480714163A0
:10754000032181630421C163082101640421416492
:10755000082181640421C164002101650421416581
:1075600000218165C1652021016600214166042159
:107570008166FBF7A5FB08B1F9F741F910BD0000E2
:1075800000A400406802002410B52048204908608B
:107590000020886000211E48C16001210174002183
:1075A000417401218174032141610A2181611D21FE
:1075B000C1610A210162032141620A2181621D2108
:1075C000C1620A2101634FF40071416303218163A9
:1075D0000421C163082101640421416408218164FC
:1075E0000421C164002101650421416500218165F8
:1075F000C165202101660021416604218166FBF7F7
:107600005FFB08B1F9F7FBF810BD000000D40040A3
:107610000803002400B587B0142102A8F9F70BF87D
:1076200000BF6448006840F01000624908600846E6
:10763000006800F01000019000BF00BF00BF0846C6
:10764000006840F0040008600846006800F004008C
:10765000019000BF00BF00BF0846006840F08000F6
:1076600008600846006800F08000019000BF00BF7D
:1076700000BF0846006840F0010008600846006846
:1076800000F00100019000BF00BF00BF0846006885
:1076900040F0020008600846006800F00200019017
:1076A00000BF00BF00BF0846006840F00800086047
:1076B0000846006800F00800019000BF00BF0022EB
:1076C0004FF420413C48FBF7D1FF012291033A4897
:1076D000FBF7CCFF002201213848FBF7C7FF01224E
:1076E00091033748FBF7C2FF012210213548FBF711
:1076F000BDFF4FF4C040029001200390022004908F
:107700000020059002A92C48FBF7AAFE4FF4004088
:1077100002900120039004900020059002A92648C1
:10772000FBF79EFE0120029003900020049005903C
:1077300002A92248FBF794FE4FF4804002904FF4D8
:10774000041003900120049002A91F48FBF788FE53
:107750004FF4804002900120039000200490059097
:1077600002A91748FBF77CFE4FF4E05002904FF45B
:10777000041003900120049002A90F48FBF770FE4B
:10778000102002900120039000200490059002A98F
:107790000C48FBF765FE00214FF08070FDF7C6FF37
:1077A000002211462820FBF7FBFF2820FBF7E4FF0F
:1077B00007B000BDE044025800080258000002581B
:1077C00000040258000C02580010025800B58BB09B
:1077D0000020089009900A901C2101A8F8F72BFFBF
:1077E000184819490860EF20486000211648816058
:1077F00040F2E731C1600021016180218161FEF723
:107800007CFB08B1F8F7FBFF002008900A9008A95C
:107810000D48FDF7B3FF08B1F8F7F1FF60200190C4
:107820000020029003900590042201A90648FEF76B
:10783000ACFA08B1F8F7E3FF0348FEF755FA0BB0CE
:1078400000BD0000001800408C04002400B58BB07F
:107850000020089009900A901C2101A8F8F7EBFE7F
:1078600017481849086000204860002115488160C9
:10787000FF21C160002101618161FEF73EFB08B17B
:10788000F8F7BDFF002008900A9008A90D48FDF701
:1078900075FF08B1F8F7B3FF602001900020029057
:1078A0000390042005900C2201A90648FEF76DFA0A
:1078B00008B1F8F7A4FF0348FEF716FA0BB000BDB5
:1078C00000040040A803002400B587B00020039006
:1078D000049005900690009001900290134814497E
:1078E0000860EF2048600021114881606321C16079
:1078F000002101618161FDF7B3FF08B1F8F77FFF57
:107900004FF48050039003A90948FEF785F808B1A9
:10791000F8F775FF00200090029069460448FDF7D3
:107920002DFF08B1F8F76BFF07B000BD000800405D
:10793000F403002400B587B0002003900490059064
:107940000690009001900290144815490860EF20BD
:10795000486000211248816040F2E731C160002197
:1079600001618161FDF77CFF08B1F8F748FF4FF432
:107970008050039003A90A48FEF74EF808B1F8F7C3
:107980003EFF00200090029069460548FDF7F6FE94
:1079900008B1F8F734FF07B000BD0000000C00404C
:1079A0004004002410B51948194908601948486076
:1079B0004FF48051164881604900C160C9100161CF
:1079C0000421416100218161C161016241620020A5
:1079D0000F4988620846FFF7E6F808B1F8F70FFF8D
:1079E00000210B48FEF752FE08B1F8F708FF00210E
:1079F0000748FEF71CFE08B1F8F701FF0448FEF740
:107A0000A0FC08B1F8F7FBFE10BD000000500040DC
:107A1000D8040024A086010010B518481849086051
:107A20004FF4E1304860002115488160C160016178
:107A30000C21416100218161C1610162416200202C
:107A40000F4988620846FFF7AEF808B1F8F7D7FE8D
:107A500000210B48FEF71AFE08B1F8F7D0FE00210E
:107A60000748FEF7E4FD08B1F8F7C9FE0448FEF741
:107A700068FC08B1F8F7C3FE10BD000000780040B4
:107A80006C05002410B51848184908604FF4E1301F
:107A90004860002115488160C16001610C2141618D
:107AA00000218161C1610162416200200F49886249
:107AB0000846FFF778F808B1F8F7A1FE00210B4857
:107AC000FEF7E4FD08B1F8F79AFE00210748FEF73B
:107AD000AEFD08B1F8F793FE0448FEF732FC08B19A
:107AE000F8F78DFE10BD0000007C00400006002469
:107AF00010B51848184908604FF416504860002126
:107B000015488160C16001610C21416100218161E2
:107B1000C1610162416200200F4988620846FFF797
:107B200042F808B1F8F76BFE00210B48FEF7AEFDF6
:107B300008B1F8F764FE00210748FEF778FD08B1A8
:107B4000F8F75DFE0448FEF7FCFB08B1F8F757FEB6
:107B500010BD0000001C01405008002410B518485A
:107B6000184908604FF4E1304860002115488160F1
:107B7000C16001610C21416100218161C16101622B
:107B8000416200200F4988620846FFF70CF808B1EF
:107B9000F8F735FE00210B48FEF778FD08B1F8F73D
:107BA0002EFE00210748FEF742FD08B1F8F727FE38
:107BB0000448FEF7C6FB08B1F8F721FE10BD00002F
:107BC000001001409406002410B5174817490860BA
:107BD00017484860002115488160C16001610C218F
:107BE000416100218161C1610162416200200F4950
:107BF00088620846FEF7D7FF08B1F8F700FE0021BB
:107C00000A48FEF743FD08B1F8F7F9FD00210748DF
:107C1000FEF70DFD08B1F8F7F2FD0448FEF791FB01
:107C200008B1F8F7ECFD10BD00440040280700241F
:107C300000093D0010B5174817490860174848600B
:107C4000002115488160C16001610C214161002162
:107C50008161C1610162416200200F49886208466A
:107C6000FEF7A1FF08B1F8F7CAFD00210A48FEF7A8
:107C70000DFD08B1F8F7C3FD00210748FEF7D7FC5A
:107C800008B1F8F7BCFD0448FEF75BFB08B1F8F754
:107C9000B6FD10BD00480040BC07002400093D00AF
:107CA00000BFFEE700BFFEE77047704710B5FBF767
:107CB000E9FC10BD2F48006840F470002D490860B1
:107CC0002D48006800F00F00072806D22A480068F7
:107CD00020F00F00C01D284908602848006840F0C7
:107CE000010026490860002024491031086023481B
:107CF000006823490840214908601F48006800F0D7
:107D00000F00072806D91C48006820F00F00C01D8E
:107D1000194908600020194918310860091D0860D8
:107D2000091D086017481549283108601648091DC3
:107D300008601648091D08600020091D08601348E6
:107D4000091D08600020091D08601048091D086011
:107D50000020091D08600948006820F480200749B8
:107D60000860002005496031086043F2D2000849EC
:107D70000860704788ED00E000200052004402587F
:107D80007FEDF6EA000202020000FF01800201011D
:107D90000040005210B50248FDF7D9FE10BD0000AA
:107DA000F403002410B50248FDF7D1FE10BD000019
:107DB0004004002410B502682E4B98420ED0B0F15A
:107DC000804F0BD02C4B984208D02C4B984205D0BA
:107DD0002B4B984202D02B4B984203D122F07002D9
:107DE0004B681A43234B98421DD0B0F1804F1AD0F4
:107DF000214B984217D0214B984214D0204B9842E7
:107E000011D0204B98420ED01F4B98420BD01F4BE5
:107E1000984208D01E4B984205D01E4B984202D083
:107E20001D4B984203D122F44072CB681A4322F0D2
:107E300080034C6943EA04028B68C3620B68836267
:107E40000C4B98420BD00F4B984208D00E4B9842E7
:107E500005D00E4B984202D00D4B984201D10B69D0
:107E60000363036843F0040303600123436102607A
:107E700010BD000000000140000400400008004068
:107E8000000C00400004014000400140004401405B
:107E90000048014000E0004000E4004030B501F03F
:107EA0001F05012404FA05F3046A9C430462046A72
:107EB00001F01F0502FA05F52C43046230BD30B510
:107EC0000C46816821F47F4142EA0325254329437A
:107ED000816030BD30B5026A056A25F01005056283
:107EE00043688469234D2C4024F440740D6844EAAF
:107EF000052422F020028D6842EA05121E4DA84298
:107F000000D10FE01D4DA84200D10BE01C4DA8424E
:107F100000D100BF1B4DA84200D100BF1A4DA8429E
:107F200009D108E0056A25F04005056222F08002CB
:107F3000CD6842EA0512104DA8420BD00F4DA84261
:107F400008D00F4DA84205D00E4DA84202D00E4DCC
:107F5000A84209D123F4806323F400634D6943EA06
:107F600085038D6943EA8503436084614D688563B9
:107F7000026230BDFF8FFFFE00000140000401409F
:107F800000400140004401400048014010B501F0AC
:107F90007BFCDFED1F0A9FED1E0A042001F048FC68
:107FA0001C491D4800F08EFD1C491D4800F08AFD4B
:107FB0001C491D4800F086FD10221C491C4801F098
:107FC00041FD40221B491C4801F03CFD1B491C4857
:107FD00001F07AFC1B491C4801F076FC9FED1B0A5E
:107FE0001B4802F079FD0521194802F0F7FC01F069
:107FF000D9F81348FDF7AAFC1348FDF7A7FC0120A8
:10800000144908704FF4FA60FAF744FA10BD000002
:10801000000000002D960008C80100248D9600087D
:1080200068020024AD96000808030024DD910008D2
:10803000280700242D950008D80400242197000863
:10804000F403002495950008400400248FC2F53CF9
:1080500028240024BC0100247047000010B5024809
:10806000FEF746FB10BD0000D804002410B50248FE
:10807000FEF73EFB10BD00006C05002410B5024861
:10808000FEF736FB10BD00000006002490F8281013
:1080900001F00801082907D10168496821F400416D
:1080A000826B11430268516090F8281001F00101C1
:1080B00039B10168496821F40031C26A114302688C
:1080C000516090F8281001F00201022907D10168DF
:1080D000496821F48031026B11430268516090F8C5
:1080E000281001F00401042907D10168496821F42E
:1080F0008021426B11430268516090F8281001F012
:108100001001102907D10168896821F48051C26BE0
:1081100011430268916090F8281001F02001202995
:1081200007D10168896821F40051026C114302688B
:10813000916090F8281001F04001402913D10168A6
:10814000496821F48011426C114302685160416C0E
:10815000B1F5801F07D10168496821F4C001826C24
:1081600011430268516090F8281001F080018029C5
:1081700007D10168496821F40021C26C11430268EB
:108180005160704738B504460020C4F89000FBF7F2
:1081900073FA05462068006800F00800082821D11D
:1081A0006FF07E402B4600224FF4001100902046D5
:1081B00000F0D6FBB0B100BF00BF216851E8001F3E
:1081C00021F08000226842E800010029F5D100BFBB
:1081D0002020C4F8880000BF002084F8840000BF7D
:1081E000032038BD2068006800F00400042830D166
:1081F0006FF07E402B4600224FF480010090204615
:1082000000F0AEFB28B300BF00BF216851E8001F9B
:1082100021F49070226842E800010029F5D100BFE6
:1082200000BF00BF2168083151E8001F21F00100A4
:108230002168083141E80002002AF3D100BF202064
:10824000C4F88C0000BF002084F8840000BF032025
:10825000C7E72020C4F88800C4F88C000020E0663E
:10826000206700BF84F8840000BF00BFB9E70000AA
:108270002DE9F04F89B0054600200890F84928689C
:10828000884200D100E000BF2969A86808436969F5
:108290000843E96940EA010828680068F149084094
:1082A00040EA0800296808602868406820F44050C7
:1082B000E968084329684860D5F81880E8492868C3
:1082C000884202D0286A40EA080828688068E6499F
:1082D000084040EA0800296888602868C06A20F0E1
:1082E0000F00696A08432968C86200BFDF4928682F
:1082F000884220D1DE48006800F03800182811D0EC
:1083000005DC48B1082809D0102811D108E0202840
:108310000AD028280CD109E001240BE0042409E04C
:10832000082407E0102405E0202403E0402401E0B5
:10833000802400BF42E1CF492868884219D1CC4847
:10834000006800F00700062810D2DFE800F00305FF
:1083500007090B0D00240BE0042409E0082407E0C2
:10836000102405E0202403E0402401E0802400BF25
:1083700024E1C1492868884219D1BD48006800F04D
:108380000700062810D2DFE800F0030507090B0DEF
:1083900000240BE0042409E0082407E0102405E091
:1083A000202403E0402401E0802400BF06E1B3491B
:1083B0002868884219D1AE48006800F007000628F6
:1083C00010D2DFE800F0030507090B0D00240BE0D5
:1083D000042409E0082407E0102405E0202403E039
:1083E000402401E0802400BFE8E0A54928688842D5
:1083F00019D19F48006800F00700062810D2DFE876
:1084000000F0030507090B0D00240BE0042409E02C
:10841000082407E0102405E0202403E0402401E0C4
:10842000802400BFCAE097492868884220D190483C
:10843000006800F03800182811D005DC48B1082881
:1084400009D0102811D108E020280AD028280CD102
:1084500009E001240BE0042409E0082407E01024CB
:1084600005E0202403E0402401E0802400BFA5E0D3
:1084700085492868884219D17D48006800F00700C6
:10848000062810D2DFE800F0030507090B0D0024D1
:108490000BE0042409E0082407E0102405E0202470
:1084A00003E0402401E0802400BF87E0774928688A
:1084B000884219D16E48006800F00700062810D2E3
:1084C000DFE800F0030507090B0D00240BE004248E
:1084D00009E0082407E0102405E0202403E04024FC
:1084E00001E0802400BF69E069492868884220D102
:1084F0005F48006800F03800182811D005DC48B14A
:10850000082809D0102811D108E020280AD02828EE
:108510000CD109E001240BE0042409E0082407E061
:10852000102405E0202403E0402401E0802400BF63
:1085300044E058492868884220D14D48006800F03E
:108540003800182811D005DC48B1082809D01028B7
:1085500011D108E020280AD028280CD109E00124F4
:108560000BE0042409E0082407E0102405E020249F
:1085700003E0402401E0802400BF1FE03849286860
:1085800088421AD13A48001D006800F0070006280A
:1085900010D2DFE800F0030507090B0D02240BE001
:1085A000042409E0082407E0102405E0202403E067
:1085B000402401E0802400BF00E0802400BF28495F
:1085C000286888424BD1102C1AD006DC022C09D026
:1085D000042C0BD0082C29D10DE0202C21D0402CCC
:1085E00024D120E0FBF75EF9064623E005A8FBF75F
:1085F0006BF9069E1EE002A8FBF77EFA039E19E0C7
:108600001B4854380068C0F3401040B11848543833
:108610000068C0F3C101204820FA01F600E01E4EB8
:1086200008E01E4E06E04FF4004603E0002601205D
:10863000089000BF00BF002E10D01949686A31F8B9
:108640001000B6FBF0F9686800EB4000484503D81D
:1086500068680003484525D20120089007E153E0EF
:10866000000C0058F369FFCFFFF4FF110010014028
:10867000544402580044004000480040004C004070
:10868000005000400014014000780040007C004091
:1086900000180140001C01400090D00300093D007B
:1086A00038D700087849686A31F810C0624600235C
:1086B00030461946F7F79CFE4FF4807C00220346B3
:1086C000A3FB0C0B01FB0CB103FB02136968490807
:1086D00084461CEB010143EB0200CDE90010D5F804
:1086E00004C06246002308460199F7F781FE074659
:1086F000B7F5407F05D3B7F5801F02D22868C76061
:10870000B5E001200890B2E0E869B0F5004F5BD118
:10871000082C1AD005DC5CB1012C0DD0042C2DD115
:108720000EE0102C16D0202C23D0402C26D122E095
:10873000FCF714FB064625E0FCF722FB064621E089
:1087400005A8FBF7C1F8069E1CE002A8FBF7D4F9C8
:10875000039E17E04D480068C0F3401038B14B4805
:108760000068C0F3C1014A4820FA01F600E0484E13
:1087700008E0484E06E04FF4004603E000260120E2
:10878000089000BF00BF7EB33F49686A31F810000F
:10879000B6FBF0F04000696800EB5100B0FBF1F768
:1087A000102F0ED3B7F5803F0BD24FF6F07007EACB
:1087B000000AC7F342004AEA000A2868C0F80CA081
:1087C00055E00120089052E0082C1BD005DC64B174
:1087D000012C0ED0042C2ED10FE0102C17D0202C01
:1087E00024D0402C27D123E041E0FCF7B7FA06461D
:1087F00025E0FCF7C5FA064621E005A8FBF764F87A
:10880000069E1CE002A8FBF777F9039E17E01F48BD
:108810000068C0F3401038B11C480068C0F3C101C3
:108820001B4820FA01F600E0194E08E0194E06E058
:108830004FF4004603E000260120089000BF00BF6F
:10884000AEB11149686A31F81000B6FBF0F0696802
:1088500000EB5100B0FBF1F7102F06D3B7F5803FC6
:1088600003D2B8B22968C86001E001200890012055
:10887000A5F86A00A5F8680000206867A86708984E
:1088800009B0BDE8F08F000038D700080044025856
:108890000090D00300093D0070B504460E46154611
:1088A00044F8586FA5800020A06322206063A06A6E
:1088B000583CF8B12748241DE16FC8632648E16F92
:1088C00008642648E16FC8640020E16F086554F829
:1088D000043C03F12401626DE06F241F2B46F9F77D
:1088E000E9FB38B11020C4F890002020C4F88C00B7
:1088F000012070BD206960B100BF00BF216851E850
:10890000001F41F48070226842E800010029F5D17F
:1089100000BF00BF00BF2168083151E8001F41F0CF
:1089200001002168083141E80002002AF3D100BFAC
:1089300000BF00BF2168083151E8001F41F040002E
:108940002168083141E80002002AF3D100BF00206D
:10895000CFE7000085C50008E5C30008D5C20008C0
:108960002DE9F04104460D4617469846069E41E023
:10897000701C00283ED0FAF77FFEA0EB0800B04242
:1089800000D816B90320BDE8F0812068006800F027
:10899000040070B3802D2DD0402D2BD02068C069ED
:1089A000C0F3C00078B1082021680862204603F0B7
:1089B00093FD0820C4F8900000BF002084F88400D4
:1089C00000BF0120DFE72068C069C0F3C02080B18C
:1089D0004FF4006021680862204603F07DFD2020EE
:1089E000C4F8900000BF002084F8840000BF03207A
:1089F000C9E7FFE72068C0692840A84201D10120EB
:108A000000E00020B842B3D00020BCE710B5024817
:108A1000FDF76EFE10BD00005008002410B502489E
:108A2000FDF766FE10BD00009406002410B5024854
:108A3000FDF75EFE10BD00002807002400BFFEE722
:108A40002DE9F041FCF7AEF904460CB9BDE8F08120
:108A50001748466817480068351A1748D0E90020BB
:108A6000521940F100001449C1E900201148066084
:108A70002246002303C9F7F7BBFC104908604FF4F6
:108A80007A70B4FBF0F700233A460B4903C9F7F7B5
:108A9000AFFC0A4948600A48B4FBF0F700233A46A5
:108AA000054903C9F7F7A4FC0449886000BFCDE776
:108AB000001000E0A0010024980100249822002466
:108AC00040420F0070B504460D461F492068884299
:108AD0000FD11E480460456300231A4619462046FC
:108AE00000F044FE00231A460E21204600F03EFE10
:108AF00026E01749206888420FD116480460456374
:108B000000231A461946204600F030FE00231A467C
:108B10000E21204600F02AFE12E00F49206888420C
:108B20000ED10E480460456300231A4610212046EA
:108B300000F01CFE00231A461A21204600F016FE03
:108B40002046FAF7D1FB70BD00A00040380D00248C
:108B500000A40040700D002400D40040A80D0024A3
:108B600010B5044622464FF400410248FAF77EFD54
:108B700010BD00000008025810B5044611206061C5
:108B8000FE202070EE20607094ED0C0AB5EEC00A55
:108B9000F1EE10FA04D29FED720A84ED0C0A0CE09B
:108BA00094ED0C0ADFED6F0AB4EEE00AF1EE10FA74
:108BB00003DD9FED6C0A84ED0C0A94ED0D0AB5EE11
:108BC000C00AF1EE10FA04D29FED650A84ED0D0A99
:108BD0000CE094ED0D0ADFED630AB4EEE00AF1EE6D
:108BE00010FA03DD9FED5F0A84ED0D0A94ED090A8A
:108BF000DFED5D0AB4EEE00AF1EE10FA04D29FED6B
:108C00005A0A84ED090A0CE094ED090ADFED570ACF
:108C1000B4EEE00AF1EE10FA03DD9FED540A84EDA4
:108C2000090A94ED0A0ADFED520AB4EEE00AF1EE09
:108C300010FA04D29FED4E0A84ED0A0A0CE094ED7E
:108C40000A0ADFED4C0AB4EEE00AF1EE10FA03DD99
:108C50009FED480A84ED0A0A94ED0B0ADFED460AFF
:108C6000B4EEE00AF1EE10FA04D29FED430A84ED6F
:108C70000B0A0CE094ED0B0ADFED400AB4EEE00ABB
:108C8000F1EE10FA03DD9FED3D0A84ED0B0A94F836
:108C90002000A17860F30301A17094F82200A1786C
:108CA00060F30611A17094ED0C0A9FED351AC0EE29
:108CB000010A9FED340A20EE800ABDEEC00A10EED4
:108CC000100A01B2E01CA4F80B1094ED0D0A9FED00
:108CD0002C1AC0EE010A9FED2B0A20EE800ABDEE91
:108CE000C00A10EE100A01B2E01CA4F80D10D4ED79
:108CF0000B0A9FED251A80EE810ADFED220A20EE95
:108D0000200ABDEEC00A10EE100AC4F8070094ED68
:108D10000A0A9FED1D1AC0EE010A9FED1C0A20EE03
:108D2000800ABDEEC00A10EE100A01B2E01CA4F8E1
:108D3000051094ED090ADFED150A20EE200ABDEEBC
:108D4000C00A10EE100A00B2A4F803000F22214658
:108D5000002002F0F1FDA4F80F00002010BD00007B
:108D600000000000C1CACC41E1FAFFC2E1FAFF42B3
:108D7000000049C400004944C00FC9C8C00FC94819
:108D8000CDCCCC4100000047F90FC9400000804322
:108D900010B504460E222146002002F0CDFDE189E7
:108DA000884203D000202062206A10BDA07800F025
:108DB0000F0084F82400A078C0F3021084F8250086
:108DC00094F90B00A062207B00F0070084F82C00CF
:108DD000B4F9050000EE100AF8EEC00A9FED191A6A
:108DE00080EE810ADFED180A20EE200A84ED0D0ADC
:108DF000B4F9030000EE100AB8EEC00ADFED110A64
:108E000080EE201A84ED0C1AD4F8070000EE100A48
:108E1000B8EEC00ADFED0C0A20EE200ADFED0B0AE7
:108E200080EE201A84ED0E1AA089C0F3CB0000EE6C
:108E3000100AB8EE400A84ED0F0A01202062206A71
:108E4000B3E7000000008043F90FC940000000476D
:108E500010B5044622464FF400510248FAF706FCCA
:108E600010BD00000008025810B5044622464FF419
:108E700080410248FAF7FAFB10BD000000080258D2
:108E80002DE9F0418AB007460D4690461C46109EDB
:108E9000019514B90020029003E0012C01D1A00734
:108EA000029000200390092E1ED2DFE806F01D0577
:108EB000080B0E1114171A000120049014E0022070
:108EC000049011E0032004900EE0042004900BE0D5
:108ED0000520049008E00620049005E00720049097
:108EE00002E00820049000BF00BF0020059006901B
:108EF000079008900990424601A93846F9F732FBDD
:108F00000AB0BDE8F081B0EE403A23EE020A20EE4E
:108F1000220A60EEA23A03EEA20A61EE023A03EEE2
:108F2000820A30EE210A704710B503467E4CA342F8
:108F300050D10C294DD2DFE801F04C06080B0E1180
:108F400018212A333A43794843E07848801C40E0AE
:108F50007648001D3DE07548801D3AE00AB9744826
:108F600002E0012A00D1734833E012B97048801C36
:108F700003E0012A01D16F48801C2AE012B96C4835
:108F8000001D03E0012A01D16A48001D21E012B949
:108F90006748801D03E0012A01D16648801D18E062
:108FA0000AB9654802E0012A00D1644811E012B90B
:108FB0006148801C03E0012A01D16048801C08E060
:108FC00012B95D48001D03E0012A01D15B48001D74
:108FD00000BFA7E05A4CA34250D10C294DD2DFE884
:108FE00001F04C06080B0E1118212A333A4355485C
:108FF00043E05448801C40E05248001D3DE0514889
:10900000801D3AE00AB9504802E0012A00D14F48D9
:1090100033E012B94C48801C03E0012A01D14B48CF
:10902000801C2AE012B94848001D03E0012A01D142
:109030004648001D21E012B94348801D03E0012A83
:1090400001D14248801D18E00AB9414802E0012AD6
:1090500000D1404811E012B93D48801C03E0012ACC
:1090600001D13C48801C08E012B93948001D03E0DA
:10907000012A01D13748001D00BF53E0364CA342FE
:1090800050D10C294DD2DFE801F04C06080B0E112F
:1090900018212A333A43314843E03048801C40E0ED
:1090A0002E48001D3DE02D48801D3AE00AB92C48AD
:1090B00002E0012A00D12B4833E012B92848801C75
:1090C00003E0012A01D12748801C2AE012B9244874
:1090D000001D03E0012A01D12248001D21E012B940
:1090E0001F48801D03E0012A01D11E48801D18E0A1
:1090F0000AB91D4802E0012A00D11C4811E012B94A
:109100001948801C03E0012A01D11848801C08E09E
:1091100012B91548001D03E0012A01D11348001DB2
:1091200000BF00BF10BD0000C8010024A000002443
:1091300098000024B0000024A8000024B8000024F7
:1091400068020024D0000024C8000024E0000024AD
:10915000D8000024E800002408030024F8000024BC
:10916000F000002408010024000100241001002464
:10917000B0EE401A431A02EE103AF8EEC22A531A21
:1091800002EE103AB8EEC22A82EE823AF0EE431AAC
:1091900070EEC12AB0EE412A01EEA22AB0EE420AD8
:1091A0007047000010B5002210210748FAF75EFA58
:1091B00001210648FAF752FA0549087000200549CE
:1091C00008700549086010BD000C025800000258E4
:1091D000B0010024A8010024AC01002470B50446AD
:1091E0000D46102D12D12A4621460948F7F78AF973
:1091F00026463078FE2808D17078EE2805D1012067
:10920000034908620846FFF7C3FD00BF70BD0000B8
:1092100058220024DFED050A60EE200AFCEEE00A89
:1092200010EE900A024909688863704700007A448A
:109230008C04002400B59DB04C210AA8F7F7FBF977
:10924000202102A8F7F7F7F90220FAF7FBFA00BF8E
:10925000002001902448006820F440402249086022
:109260000846006800F44040019000BF00BF00BF06
:109270001D48006800F40050B0F5005FF8D10120EF
:109280000A9000040B900220139002211491159172
:109290002821169101211791042118910221199179
:1092A0000C211A9100211B911C910AA8FBF790FE3A
:1092B00008B1F7F7A4FA3F200290032003900020A2
:1092C0000490082005904020069007900001089027
:1092D00040200990032102A8FBF78AFB08B1F7F7A9
:1092E0008EFA1DB000BD00001848025810B50121CB
:1092F0007948FAF7B3F904467848007850B9012C58
:1093000008D17748007828B90120754908700020F5
:1093100074490860714804707148007820B10128D0
:1093200021D0022879D179E09FED6F0A6F4880ED56
:109330000B0A9FED6F0A6F4880ED0B0A9FED6E0AD6
:109340006E4880ED0B0A9FED6E0A684880ED0C0AAE
:109350009FED6B0A674880ED0C0A9FED690A67482C
:1093600080ED0C0A8EE09FED670A604880ED0B0AE5
:10937000B8EE000A5F4880ED0B0A9FED630A5F4874
:1093800080ED0B0A61480078012804D0022812D031
:10939000032830D11FE09FED5E0A544880ED0C0A8F
:1093A0009FED5B0A534880ED0C0A9FED590A534824
:1093B00080ED0C0A1FE09FED570A4C4880ED0C0A27
:1093C0009FED540A4B4880ED0C0A9FED520A4B4822
:1093D00080ED0C0A0FE0B7EE000A444880ED0C0A5D
:1093E000B7EE000A434880ED0C0AB7EE000A434886
:1093F00080ED0C0A00BF00BF3A480068401C3949A4
:10940000086008460068B0F57A7F05DB0220344921
:10941000087000203349086034E02DE09FED320AE7
:10942000324880ED0B0A9FED320A324880ED0B0A7C
:109430009FED310A314880ED0B0A9FED370A2B482A
:1094400080ED0C0A9FED340A2A4880ED0C0A9FED4E
:10945000320A2A4880ED0C0A22480068401C214943
:10946000086008460068B0F57A7F04DB00201C49DC
:1094700008701C49086005E0002019490870194966
:10948000086000BF00BF2548007820B101280BD03C
:1094900002281BD111E02249144800F02BF910B921
:1094A00001201E49087015E01E49124800F022F9FB
:1094B00010B90220194908700CE01B490F4800F050
:1094C00019F910B900201549087003E0002013496C
:1094D000087000BF00BF10BD00000258B00100249A
:1094E000A8010024AC01002485EB8940A8220024B7
:1094F00085EBB140E8220024C3F5883F28230024EF
:1095000000000000CDCCCCBF14AECFC0B20100240F
:10951000CDCCCC3E9A99193F9A99993EB30100243B
:1095200068230024A8230024E823002470B50446FF
:109530000D462A462146034800F03EFE014801F050
:1095400047FA70BD28240024F0B502460C461146A7
:1095500004EB440000EBC405012000EBD50305F04B
:10956000070611F803C0581C085C4CEA002C981C34
:10957000085C4CEA004727FA06F0C0F30A00F0BD89
:10958000014619B101F00F00042801D101207047F4
:109590000020FCE710B5FFF753FA18480068401C9C
:1095A0001649086016480078401C1549087008469E
:1095B0000078642805DB134801F041FA00201049C7
:1095C000087011480088401C0F4908800846008830
:1095D000652805DB0B4801F03CFA00200A490880A9
:1095E000084801F049FA074801F03AFA00F010F98A
:1095F00000F01CF9FFF77AFE10BD0000C001002446
:10960000C401002428240024C6010024DFED050A3B
:1096100060EE200AFCEEE00A10EE900A02490968AA
:109620000864704700FF7F47A803002410B5044674
:109630002068A0F2012030B101280AD002280ED003
:10964000032818D111E004F128010C4802F080F839
:1096500012E004F128010A4802F07AF80CE004F163
:109660002801084802F074F806E004F128010648D1
:1096700002F06EF800E000BF00BF10BDA42500247A
:10968000C8260024EC2700241029002410B5044625
:109690002068B0F5447F04D12146034800F0C2FAA7
:1096A00000E000BF00BF10BD1025002410B5044627
:1096B0002068A0F2411028B904F12801034801F004
:1096C00068FB00E000BF00BF10BD0000702A00244E
:1096D00070B50246134658781C7840EA042531B12B
:1096E00010460C46467826700678667000BF2846FD
:1096F00070BD000070B504460D462046FFF73CFAE9
:10970000012210210448F9F7B1FF11222146034834
:10971000FDF7E0FD70BD0000000C02582807002492
:1097200010B511485E21095C09B901F051F90E48E4
:10973000E83000F1400101F5806292ED450A00BF7A
:1097400080ED0B0A00BF00BF92ED460A00BF80ED1E
:109750000C0A00BF00BF92ED470A00BF80ED0D0A62
:1097600000BF00F0B5FA10BD28240024F0B589B080
:1097700007460C4615461E4604F0020010B90020AC
:10978000019005E004F0020010B14FF0804001901C
:10979000E01002900220039004F0040010B90120B0
:1097A000049004E004F0040008B102200490059540
:1097B000069601A93846F8F71EFF04F0010040B9EB
:1097C000002003460222114600903846F8F767FF52
:1097D0000AE004F0010038B10120034602221146DC
:1097E00000903846F8F75BFF04F0040028B9002227
:1097F00001213846F8F762FE07E004F0040020B1CA
:10980000002210213846F8F759FE09B0F0BD0000DB
:1098100008B508200023034A810100900248FFF7A1
:109820002FFB08BDA0000024C801002470470000E1
:1098300010B52DED028B0446F0EE408AB0EE608A42
:1098400004F00100FFF704FBC4F34000FFF70CFB3A
:10985000C4F38000FFF784F90C210948FCF7B2FB40
:1098600004210848FCF7AEFBB0EE680AFFF7CEFE15
:10987000B0EE480AFFF7CEFCBDEC028B10BD000035
:10988000A80300248C0400240B48006840F080707A
:10989000094908600020094948600846006840F00E
:1098A0000100086008464068054908600021054A33
:1098B0001160516070470000FCED00E0001000E016
:1098C000A0010024980100243F4B02689A4203D172
:1098D0003E4A1060516076E00268B2F1804F03D1D9
:1098E0003B4A106051606EE03A4B02689A4203D1E5
:1098F000394A1060516066E0384B02689A4203D1E1
:10990000374A106051605EE0364B02689A4203D1DC
:10991000354A1060516056E0344B02689A4203D1D8
:10992000334A106051604EE0324B02689A4203D1D4
:10993000314A1060516046E0304B02689A4203D1D0
:109940002F4A106051603EE02E4B02689A4203D1CC
:109950002D4A1060516036E02C4B02689A4203D1C8
:109960002B4A106051602EE02A4B02689A4203D1C4
:10997000294A1060516026E0284B02689A4203D1C0
:10998000274A106051601EE0264B02689A4203D1BC
:10999000254A1060516016E0244B02689A4203D1B8
:1099A000234A106051600EE0224B02689A4203D1B4
:1099B000214A1060516006E0204B02689A4202D1B1
:1099C0001F4A1060516070470000014018000024D9
:1099D000200000240004004028000024000800406B
:1099E00030000024000C004038000024001000402B
:1099F00040000024001400404800002400040140FE
:109A0000500000240018004058000024001C0040B2
:109A10006000002400200040680000240040014055
:109A200070000024004401407800002400480140F8
:109A30008000002400E000408800002400E4004092
:109A40009000002470B504460D461646594920681A
:109A500088420DD158480460C0F80852A0F804624A
:109A6000B0F8042200F582712046FCF791FCA0E0DA
:109A70005249206888420DD151480460C0F808520C
:109A8000A0F80462B0F8042200F582712046FCF7C9
:109A90007FFC8EE04B49206888420DD14A48046023
:109AA000C0F80852A0F80462B0F8042200F58271F0
:109AB0002046FCF76DFC7CE04449206888420DD1CB
:109AC00043480460C0F80852A0F80462B0F80422C9
:109AD00000F582712046FCF75BFC6AE03D49206896
:109AE00088420DD13C480460C0F80852A0F80462D6
:109AF000B0F8042200F582712046FCF749FC58E0DA
:109B00003649206888420DD135480460C0F80852B3
:109B1000A0F80462B0F8042200F582712046FCF738
:109B200037FC46E02F49206888420DD12E4804605A
:109B3000C0F80852A0F80462B0F8042200F582715F
:109B40002046FCF725FC34E02849206888420DD1E6
:109B500027480460C0F80852A0F80462B0F8042254
:109B600000F582712046FCF713FC22E021492068B1
:109B700088420DD120480460C0F80852A0F8046261
:109B8000B0F8042200F582712046FCF701FC10E0D9
:109B90001A49206888420CD119480460C0F808525C
:109BA000A0F80462B0F8042200F582712046FCF7A8
:109BB000EFFB70BD00100140E00D002400440040A8
:109BC000EC0F002400480040F8110024004C004035
:109BD000041400240050004010160024001401401A
:109BE0001C18002400780040281A0024007C004043
:109BF000341C002400180140401E0024001C0140B9
:109C00004C20002410B588B004461C2101A8F6F7AA
:109C100012FD1A2201A904F11000F6F7B8FC08B0F1
:109C200010BD00002DE9F04104460D4629462046AE
:109C300003F0CCFA08B9BDE8F0812868B0F5447F9C
:109C40003BD105F1280001F0B1FE064605F12A00DE
:109C500001F0ACFE074605F12C0001F0A7FE80469E
:109C6000F1EE000AB9EE000A47F6FF72D143304622
:109C7000FFF77EFA84ED040AF1EE000AB9EE000A5D
:109C800047F6FF72D1433846FFF772FA84ED050AB2
:109C9000F2EE000ABAEE000A47F6FF72D1434046E0
:109CA000FFF766FA84ED060A9FED080A84ED070ABD
:109CB0009FED060A84ED080A00E0BCE700BF60687B
:109CC000401C60600120A07300BFB4E700000000EA
:109CD00010B586B00446206810B12068006808B945
:109CE00006B010BD94ED0B0A8DED040A94ED0C0A3C
:109CF0008DED050A94ED0D0A8DED020A204603F064
:109D000074FAADF80C00A089ADF80E0008200090A0
:109D10002168002304AA08684FF44871FFF7B0F8DF
:109D2000082000902168002302AA086840F221312F
:109D3000FFF7A6F8A089401CA08100BFD0E710B5AE
:109D40000446D4E90101884205D10020A0732046D1
:109D5000FFF758FF01E00120A0736068A06010BD0C
:109D600030B585B004460D4615492868884202D1B1
:109D7000144820600FE014492868884202D1134833
:109D8000206008E012492868884202D1114820600A
:109D900001E0002020602046FFF734FF14216846D0
:109DA000F6F749FC1222694604F12C00F6F7EFFBA6
:109DB00000206060A060A081A07305B030BD0000ED
:109DC00000A00040380D002400A40040700D0024C5
:109DD00000D40040A80D002401460020086048601F
:109DE00088608881887301F110009FED180A81ED69
:109DF000040A9FED160A81ED050A9FED140A81ED14
:109E0000060A9FED120A81ED070A9FED100A81ED07
:109E1000080A0022027542758275C2750276427682
:109E20001C309FED0A0A80ED000A9FED080A80EDC4
:109E3000010A9FED060A80ED020A027342738273E3
:109E4000C273027442742C3801467047000000004F
:109E500090ED120A704790ED130A704790ED100ACA
:109E6000704790ED110A704701465E20405C7047D4
:109E700010B50B8C148CA34233D14C8C538C9C4268
:109E80002FD1CC8CD38C9C422BD18C8C938C9C422C
:109E900027D10B8C148CA34223D10C8D138D9C42A3
:109EA0001FD14C8D538D9C421BD190F8E13090F81E
:109EB000DD40A34215D190F8E23090F8DE40A34295
:109EC0000FD190F8E33090F8DF40A34209D190F829
:109ED000E43090F8E040A34203D1002380F8E6305C
:109EE00002E0012380F8E63010BD2DE9F04107467D
:109EF0000C461546192D02D20020BDE8F0814FF026
:109F0000FF3600220DE0A31818780F2800D006E0D5
:109F1000187EFFF735FB00B901E0164600BF501C64
:109F200082B202F11900A842EDD9002E01DA002018
:109F3000E3E7A119192207F10C00F6F7E3FA012073
:109F4000DBE770B5044600250BE0294604F10C0060
:109F5000FFF7FAFA014604F1600020F81510681CBA
:109F6000C5B2102DF1D32320015D84F8841094F83C
:109F7000840000F0010010B140F2FF7100E0002108
:109F8000A4F8801094F8840000F0020010B140F2B0
:109F9000FF7100E00021A4F8821094F88400C0F35F
:109FA000800184F8851094F88400C0F3C00184F81F
:109FB00086100121204603F052F90546B7EE000A4B
:109FC0002946204603F063F984ED100A0221204659
:109FD00003F045F90546B7EE000A2946204603F08E
:109FE00056F984ED110A0421204603F038F905469C
:109FF000B7EE000A2946204603F049F984ED120A1B
:10A000000321204603F02BF90546B7EE000A294646
:10A01000204603F03CF984ED130A0521204603F0A5
:10A020001EF90546B7EE000A2946204603F02FF92F
:10A0300084ED140A0621204603F011F90546B7EE17
:10A04000000A2946204603F022F984ED150A94ED12
:10A05000100A84ED160A0721204603F000F9054690
:10A0600094F8E1202946204603F036F984F8DD0013
:10A070000821204603F0F3F8054694F8E22029462B
:10A08000204603F029F984F8DE000921204603F078
:10A09000E6F8054694F8E3202946204603F034F913
:10A0A00084F8DF000A21204603F0D9F8054694F829
:10A0B000E4202946204603F00FF984F8E00094F8E4
:10A0C000DD00012801D1002100E006215C200155BE
:10A0D00094F8DE00012801D1002100E006215D2076
:10A0E000015594F8E33094F8DF2004F15E01204636
:10A0F00000F0C0F894F8E000012801D1002100E050
:10A1000006215F20015504F1400204F18801204638
:10A11000FFF7AEFE70BD10B50446192104F10C0026
:10A12000F6F789FA192104F12500F6F762FA4821B9
:10A1300004F14000F6F77FFA482104F18800F6F7B1
:10A140007AFA012004F8DD0F6070A070E0702071D1
:10A150006071A071E071DD3C00215C2001555D2043
:10A1600001555E2001555F200155A4200155A52011
:10A170000155A6200155A7200155002084F8DC00D8
:10A1800010BD10B50446482104F14000F6F753FA1B
:10A19000012004F8DD0F6070A070E070DD3C00214C
:10A1A0005C2001555D2001555E2001555F20015561
:10A1B000002084F8E60010BD70B504460D46164632
:10A1C000324629462046FFF790FE28B9B4F8DA0057
:10A1D000401CA4F8DA0070BD2046FFF7B2FE94F8E8
:10A1E0008500012803D094F88600012821D10120A0
:10A1F00084F8DC00002084F8E5002046FFF7C1FF6A
:10A20000192204F10C0104F12500F6F77BF948222C
:10A2100004F1400104F18800F6F7B9F914F8DD0FF4
:10A22000207160786071A078A071E078E071DD3C09
:10A23000D1E70020D03420732068401C44F8D009B6
:10A24000192204F10C0104F12500F6F75BF948220C
:10A2500004F1400104F18800F6F799F914F8DD0FD4
:10A26000207160786071A078A071E078E071DD3CC9
:10A2700000BFB0E710B5012B04D0022B14D0032B84
:10A2800025D123E0012A04D0022A05D0032A09D1CE
:10A2900005E000240C7005E004240C7002E00124A9
:10A2A0000C7000BF00BF25E0012A04D0022A05D0AF
:10A2B000032A09D105E002240C7005E006240C7085
:10A2C00002E005240C7000BF00BF13E000BF012AAC
:10A2D00004D0022A05D0032A07D105E002240C701D
:10A2E00006E004240C7003E000BF03240C7000BFE0
:10A2F00000BF00BF00BF10BD90F8DC10012903D1E2
:10A30000002180F8E5100EE0D0E93412914207D127
:10A310000021D83041730188491C20F8D81902E087
:10A32000012180F8E510D0F8D010C0F8D4107047A3
:10A3300070B504460D461A492868884202D119486A
:10A34000206021E018492868884202D1174820601F
:10A350001AE017492868884202D11648206013E0A5
:10A3600015492868884202D1144820600CE014493D
:10A370002868884202D11348206005E01249286805
:10A38000884201D1114820609FED110A84ED010A35
:10A390009FED100A84ED020A2046FFF7BCFE70BD57
:10A3A00000100140E00D002400440040EC0F0024A8
:10A3B00000480040F8110024004C00400414002420
:10A3C0000050004010160024001401401C18002406
:10A3D0000000784400C04C4480ED060A704780EDD0
:10A3E000030A704710B50446207938BB94ED060A7D
:10A3F000D4ED030AB4EEE00AF1EE10FA08DB94EDB6
:10A40000030AD4ED020AB4EEE00AF1EE10FA11DA12
:10A4100094ED060AD4ED030AB4EEE00AF1EE10FA68
:10A420000CD894ED030AD4ED020AB4EEE00AF1EE82
:10A4300010FA03D894ED030A84ED000A94ED020AA1
:10A44000B5EEC00AF1EE10FA4FDD94ED060AD4ED38
:10A45000020AB4EEE00AF1EE10FA1EDDD4ED020AB3
:10A4600094ED061A70EEC10AB0EE600A03F0F0F83F
:10A47000D4ED040AB4EEE00AF1EE10FA08DD94ED32
:10A48000000AD4ED040A30EE200A84ED000AD2E07E
:10A4900094ED060A84ED000ACDE094ED060AD4EDB1
:10A4A000020AB4EEE00AF1EE10FA18D2D4ED020A74
:10A4B00094ED061A70EEC10AB0EE600A03F0C8F817
:10A4C000D4ED050AB4EEE00AF1EE10FA08DD94EDE1
:10A4D000000AD4ED050A30EE600A84ED000AAAE015
:10A4E00094ED060A84ED000AA5E094ED020AB5EEAB
:10A4F000C00AF1EE10FA4FD294ED060AD4ED020A2A
:10A50000B4EEE00AF1EE10FA1ED2D4ED020A94ED98
:10A51000061A70EEC10AB0EE600A03F099F8D4EDA5
:10A52000040AB4EEE00AF1EE10FA08DD94ED000A38
:10A53000D4ED040A30EE600A84ED000A7BE094ED6D
:10A54000060A84ED000A76E094ED060AD4ED020ACC
:10A55000B4EEE00AF1EE10FA6DDDD4ED020A94EDEE
:10A56000061A70EEC10AB0EE600A03F071F8D4ED7D
:10A57000050AB4EEE00AF1EE10FA08DD94ED000AE7
:10A58000D4ED050A30EE200A84ED000A53E094ED84
:10A59000060A84ED000A4EE094ED060AD4ED020AA4
:10A5A000B4EEE00AF1EE10FA1EDDD4ED020A94EDED
:10A5B000061A70EEC10AB0EE600A03F049F8D4ED55
:10A5C000040AB4EEE00AF1EE10FA08DD94ED000A98
:10A5D000D4ED040A30EE200A84ED000A2BE094ED5D
:10A5E000060A84ED000A26E094ED060AD4ED020A7C
:10A5F000B4EEE00AF1EE10FA1DD2D4ED020A94EDA9
:10A60000061A70EEC10AB0EE600A03F021F8D4ED2C
:10A61000040AB4EEE00AF1EE10FA08DD94ED000A47
:10A62000D4ED040A30EE600A84ED000A03E094EDF4
:10A63000060A84ED000A94ED000A84ED020A10BDBA
:10A6400080ED040AC0ED050A0171704790ED000A23
:10A65000704700009FED0D0A80ED000A0021017196
:10A660009FED0A0A80ED020A9FED080A80ED030AB9
:10A670009FED060A80ED040A9FED040A80ED050AAD
:10A680009FED020A80ED060A7047000000000000FE
:10A6900010B52DED088B0446204600F0A4F99FED7F
:10A6A000C70AF0EE409A9FEDC50AB0EE40AA94F8B2
:10A6B000890602282DD100BF94ED3E0AB0EE408AF3
:10A6C00004F1E80090ED050AF0EE408A00BF90ED3D
:10A6D000060AB0EE409A0121403000F0AAFCB0EE2C
:10A6E000480A04F5947000F09AFCB0EE680A04F58C
:10A6F000947000F099FCB0EE490A04F5947000F0F3
:10A7000089FC00220121AE48F8F7B0FFBDEC088BB0
:10A7100010BD94F88906012877D194F8880600289E
:10A72000FAD12046FFF794FBF0EE40BA02F090FF1A
:10A7300004F58060D0EDA30AB4EEE00AF1EE10FA61
:10A7400003DD2046FFF784FB01E09FED9C0AB0EE9D
:10A75000408A2046FFF77FFBF0EE40BA02F078FF18
:10A7600004F58060D0EDA30AB4EEE00AF1EE10FA31
:10A7700003DD2046FFF76FFB01E09FED900AF0EE4E
:10A78000408A2046FFF76AFBF0EE40BA02F060FF15
:10A7900004F58060D0EDA30AB4EEE00AF1EE10FA01
:10A7A00003DD2046FFF75AFB01E09FED840AB0EE7F
:10A7B00040BA2046FFF755FBF0EE40BA02F048FFE2
:10A7C00004F58060D0EDA30AB4EEE00AF1EE10FAD1
:10A7D00003DD2046FFF745FB01E09FED780AB0EE70
:10A7E000409A2046FFF73AFBF0EE40BA02F030FF05
:10A7F00004F58060D0EDA30AB4EEE00AF1EE10FAA1
:10A8000004DD2046FFF72AFB02E0C7E09FED6B0A5C
:10A81000F0EE40AA28EE080AB0EE001AC0EE010AD7
:10A82000B7EE000A30EE600AF0EE40BA02F084FDA6
:10A8300060EE280A04F5947000F5806191ED390A04
:10A8400020EE800AF0EE409A28EEA80AB0EE001A38
:10A85000C0EE010AB7EE000A30EE600AF0EE40BA30
:10A8600002F06AFDF1EE480A60EE200A04F59470E9
:10A8700000F5806191ED3A0A20EE800AB0EE40AA20
:10A8800000BF91ED3B0A20EE2A0A4E4880ED000AF7
:10A890004D4890ED000A4B48D0ED000A30EE200AFA
:10A8A000494880ED000A2046FFF7DEFAC0B90121D1
:10A8B00004F5947000F0BDFBB0EE690A04F59470E5
:10A8C00000F0ADFBB0EE4A0A04F5947000F0ACFB6A
:10A8D0003C4890ED000A04F5947000F09BFB1CE0EE
:10A8E0002046FFF7C1FA032817D1012104F594701F
:10A8F00000F09FFBB0EE690A04F5947000F08FFB46
:10A90000B0EE4A0A04F5947000F08EFB2D4890EDED
:10A91000000A04F5947000F07DFB00BF5F20005D2D
:10A92000062835D1B6EE000AB4EEC09AF1EE10FA60
:10A9300008DD012211462248F8F798FE032023493A
:10A9400008702AE0BEEE000AB4EEC0BAF1EE10FACA
:10A9500008D2012211461A48F8F788FE02201B4946
:10A9600008701AE0BEEE000AB4EEC09AF1EE10FADA
:10A9700008D2012211461248F8F778FE0120134947
:10A9800008700AE0002201210D48F8F76FFE04E08C
:10A99000002201210A48F8F769FE0CE02046FFF783
:10A9A00063FA40B900BF94F8F60020B9002104F51D
:10A9B000947000F03EFB00BFA8E60000000000001D
:10A9C00000000258B4010024B8010024B2010024A0
:10A9D00010B504462046FFF75BFE10BD00BFC0F86F
:10A9E000801600BF704710B50446204600F019F8E5
:10A9F00094F88806012803D0012084F889060FE026
:10AA00002046FFF731FA40B900BF94F8F60001285C
:10AA100003D1022084F8890602E0002084F8890628
:10AA200010BD10B50446204600F09AFF18B1002072
:10AA300084F8880602E0012084F8880610BD10B56D
:10AA400004462046FFF758FC04F5C96000F0EBF916
:10AA500010BD10B5044604F1E800FFF770F910BD11
:10AA600010B50446012104F5947000F023FC04F5B0
:10AA7000C96000F0CEF910BD10B5044600BF94F8CF
:10AA8000E500B8B9002104F5947000F0D2FA9FED0A
:10AA9000110A04F5947000F0C2FA9FED0E0A04F555
:10AAA000947000F0C1FA9FED0B0A04F5947000F069
:10AAB000B1FA10BD2046FFF7D7F948B900BF94F8A6
:10AAC000F60028B9002104F5947000F0B2FAF0E71E
:10AAD00000BFEEE70000000010B52DED028B82B044
:10AAE0000446B0EE408A12492046FFF721FC114986
:10AAF00004F1E800FFF734F90020042301220E4995
:10AB0000009004F5C96000F09FF9B2EE001AF1EE72
:10AB1000000AB1EE000A04F5947000F01BFC04F585
:10AB2000806080EDA38A02B0BDEC028B10BD0000F6
:10AB3000D8040024680200240803002470B50446E9
:10AB4000002104F1C8009FED440A216084ED010A50
:10AB50009FED420A84ED020A8160C1600182418258
:10AB60000175012141758175C17501764176817646
:10AB7000C1760177002141778177A0F1C8042030A8
:10AB8000FFF72AF9A0F1E80400F140052846FFF795
:10AB900061FD05461C30FFF75DFDA0F11C051C3072
:10ABA000FFF758FDA0F1380504234FF492722C49A9
:10ABB0001C3002F0CDFBA0F154059FED2A0A00F5F0
:10ABC0006B7080ED3C0A002085F804059FED260A95
:10ABD00005F5806080ED420A9FED230A80ED430A6F
:10ABE0009FED210A80ED440A9FED1F0A80ED450A82
:10ABF0009FED1D0A80ED460A9FED1B0A80ED470A76
:10AC0000A5F5947405F5A46001210175002185F86E
:10AC100044159FED150A80ED0A0A9FED130A80ED99
:10AC20000B0A9FED110A80ED0C0A9FED0F0A80EDD3
:10AC30000D0A81634FF4FA718187012085F8600560
:10AC4000002085F861059FED080A05F5367080ED56
:10AC5000A30A204670BD00000080BB440000FA43F8
:10AC600075B8000800008046000000007047000032
:10AC70002DE9FC470446002005E021682C31095CE1
:10AC80000DF80010401C0828F7DB9DF80000922802
:10AC90003AD0A4285AD19DF80000A42833D19DF8B9
:10ACA000010040B284F824009DF802009DF80310D2
:10ACB00040EA012000B200EE900AF8EEE00AC4ED8E
:10ACC0000A0A9DF80500000200B29DF8041008432E
:10ACD00000EE900AF8EEE00AC4ED0B0A9DF80600BB
:10ACE0009DF8071040EA012000EE100AB8EE401A65
:10ACF000DFED181AC1EE210A9FED171A60EE810AE6
:10AD0000C4ED0D0A22E000BF002007468046012660
:10AD10000DE01DF806504FF00009701EC2002846D5
:10AD20004946F5F7DCFB074341EA0808761C072E85
:10AD3000EFDD3846414602F09AFC00EE100ADFEDE6
:10AD4000070A20EE200A84ED0C0A00BF00BFBDE810
:10AD5000FC87000000FC7F460000B4430AD7233C78
:10AD60003EB50446002001900290206800B93EBD27
:10AD7000207900F5A07580208DF80400082000904F
:10AD80002168002301AA08682946FEF779F800BF68
:10AD9000EDE770B504460D46A069401CA061204651
:10ADA000FFF766FF70BD2DE9FE4305460F461646C8
:10ADB000002001900290286808B9BDE8FE83287938
:10ADC00000F5A0784FF4617007FB00F4A4208DF823
:10ADD000040000208DF80500F0B28DF80600300A5E
:10ADE0008DF80700E0B28DF80800200A8DF8090000
:10ADF000200C8DF80A00200E8DF80B000820009022
:10AE00002968002301AA08684146FEF739F800BF07
:10AE1000D3E710B50446206800B910BD204600F005
:10AE200053F800BFF9E700B501460846FFF71EFFDB
:10AE3000D1E90602904202D10020087501E001200C
:10AE400008758869C86100BD70B5049C002505605F
:10AE5000164E0D68B54202D1154D05600CE0154E39
:10AE60000D68B54202D1144D056005E0134E0D6822
:10AE7000B54201D1124D056002714375C4600025D1
:10AE80008561C56180F824509FED0E0A80ED0A0AA5
:10AE90009FED0C0A80ED0B0A9FED0A0A80ED0C0A6B
:10AEA0009FED080A80ED0D0A70BD000000A0004073
:10AEB000380D002400A40040700D002400D4004090
:10AEC000A80D00240000000010B50446207D0128D4
:10AED00004D1A28F2046A16BFFF765FF207D10B93A
:10AEE0002046FFF73DFF10BD1FB5DFED431AB0EE62
:10AEF000610ADFED411AF0EE610ADFED3F1AB0EEB4
:10AF0000611A0021009101910291039100BF0FE0AD
:10AF100001EBC10303EB811400F1540303EB840242
:10AF2000D2ED3A1A6A4602EB8102C2ED001A491CC0
:10AF30000429EDDBDDED001A9DED012A71EEC21A48
:10AF40009DED022A71EEC21A9DED032A71EE821A5E
:10AF50009FED2A2A61EE821A9FED292A61EE821A5C
:10AF6000B0EE610ADDED001A9DED012A71EE821A44
:10AF70009DED022A71EEC21A9DED032A71EEC21AEE
:10AF80009FED1E2A61EE821A9FED1D2A61EE821A44
:10AF9000F0EE610ADDED001A9DED012A71EE821AD4
:10AFA0009DED022A71EE821A9DED032A71EE821A3E
:10AFB000B7EEE12ABCEE003B22EE032B9FED113BE6
:10AFC00022EE032B9FED113B82EE034BF7EEC41BE9
:10AFD000B0EE611AF0EE401A00F58061C1ED451A3D
:10AFE00000BFF0EE601AC1ED461A00BFF0EE411A44
:10AFF000C1ED471A00BF1FBD00000000F404353E3C
:10B000002DB21D3E000000A045B6C33F0000006009
:10B01000B81ED13F00F5806181ED440A704700F50C
:10B02000806181ED420A704700F5806181ED430A3D
:10B03000704780F80415704770B52DED0A8B0446F3
:10B0400094F8040510B1012835D135E0002530E031
:10B0500005EBC50101EB851204F1540101EB8200FF
:10B06000032100F072FB05EBC50101EB851204F131
:10B07000540101EB82009FED8B0A01F006FF05EB06
:10B08000C50101EB851204F1540101EB82009FED33
:10B09000850A00F057FB05EBC50101EB851204F1B1
:10B0A000540101EB82009FED7F0A80ED370A00BF5B
:10B0B0006D1C042DCCDBE1E000250BE005EBC501A8
:10B0C00001EB851204F1540101EB8200032100F031
:10B0D0003CFB6D1C042DF1DB04F5806090ED390A1A
:10B0E000B5EEC00AF1EE10FA0DD090ED391AF0EE7F
:10B0F000410A90ED391AB1EE411AB0EE410A04F559
:10B10000A16002F08DFA04F5806090ED3A0AB5EE88
:10B11000C00AF1EE10FA0DD090ED3A1AF0EE410AA5
:10B1200090ED3A1AB1EE411AB0EE410A04F20C5019
:10B1300002F076FA04F5806090ED3B0AB5EEC00AA5
:10B14000F1EE10FA0DD090ED3B1AF0EE410A90EDC1
:10B150003B1AB1EE411AB0EE410A04F5A26002F0CA
:10B160005FFA2046FFF772FAB0EE40CA04F11C0005
:10B17000FFF76CFA3CEE000ADFED4B0A20EE20CA26
:10B1800004F13800FFF762FADFED480AB0EE4C8AAE
:10B1900000EE208A2046FFF759FAB1EE40CA04F1CA
:10B1A0001C00FFF753FA3CEE000ADFED3F0A20EEE9
:10B1B00020CA04F13800FFF749FADFED3C0AF0EE4F
:10B1C0004C8A40EE208A2046FFF740FAB1EE40CA92
:10B1D00004F11C00FFF73AFA3CEE400ADFED320AB8
:10B1E00020EE20CA04F13800FFF730FADFED2F0A15
:10B1F000B0EE4C9A00EE209A2046FFF727FAB0EE08
:10B2000040CA04F11C00FFF721FA3CEE400ADFEDD2
:10B21000260A20EE20CA04F13800FFF717FADFED06
:10B22000230AF0EE4C9A40EE209A9FED210A28EE78
:10B2300000AA9FED1F0A68EE80AA9FED1D0A29EE65
:10B2400000BA9FED1B0A69EE80BAB1EE4A0A04F11A
:10B25000540000F077FAB1EE6A0A04F5BC7000F011
:10B2600071FAB1EE4B0A04F5277000F06BFAB1EEFB
:10B270006B0A04F5707000F065FA00BF00BF00258E
:10B280000AE005EBC50101EB851204F1540101EB65
:10B29000820000F069FA6D1C042DF2DBBDEC0A8B14
:10B2A00070BD000000000000F404353FC3F5883E87
:10B2B000CECA4F4170B504460D4604F58060D0ED0E
:10B2C000450AB0EE600A2046FFF789F82046FFF7EE
:10B2D00089F804F58060D0ED420AB0EE600A20469D
:10B2E000FFF77AF804F58060D0ED460AB0EE600A08
:10B2F00004F11C00FFF773F804F11C00FFF772F86B
:10B3000004F58060D0ED430AB0EE600A04F11C0041
:10B31000FFF762F804F58060D0ED470AB0EE600AEE
:10B3200004F13800FFF75BF804F13800FFF75AF832
:10B3300004F58060D0ED440AB0EE600A04F13800F4
:10B34000FFF74AF82046FFF7CFFD2046FFF774FECF
:10B3500070BD000010B52DED048B82B00446B0EE38
:10B36000408BB0EE419A04F5806080ED398AC0EDE3
:10B370003A8A80ED3B9A0021DFED5E0A9FED5E0A7E
:10B380002046FFF75DF90021DFED5A0A9FED5A0ACA
:10B3900004F11C00FFF754F90021DFED580A9FED7E
:10B3A000570A04F13800FFF74BF900219FED545A7A
:10B3B000DFED534A9FED524ADFED513A9FED513A8E
:10B3C000DFED512A9FED512ADFED4D1A9FED4C1A0A
:10B3D000DFED4F0AB1EE040A04F1A40001F090FE83
:10B3E00000219FED475ADFED464A9FED454ADFEDCC
:10B3F000443A9FED443ADFED442A9FED442ADFEDC5
:10B40000401A9FED3F1ADFED420AB1EE040A04F53F
:10B41000E47001F075FE00219FED395ADFED384AE6
:10B420009FED374ADFED363A9FED363ADFED362AAB
:10B430009FED362ADFED321A9FED311ADFED340A27
:10B44000B1EE040A04F53B7001F05AFE00219FEDB5
:10B450002C5ADFED2B4A9FED2A4ADFED293A9FED6A
:10B46000293ADFED292A9FED292ADFED251A9FEDE4
:10B47000241ADFED270AB1EE040A04F5826001F018
:10B480003FFE0020F3EE040A9FED220A032301226F
:10B490002149009004F1540000F09AF90020F3EEE5
:10B4A000040A9FED1C0A032302221B49009004F5A5
:10B4B000BC7000F08DF90020F3EE040A9FED150A30
:10B4C00003231A461449009004F5277000F080F910
:10B4D0000020F3EE040A9FED0F0A032304220E4915
:10B4E000009004F5707000F073F902B0BDEC048BAD
:10B4F00010BD0000A69B443CA69BC43B0AD7233C3E
:10B50000000000006F12833A00401C4500004842D2
:10B51000CDCCCC3D2CA09941C8010024FEB50446F9
:10B52000D4F8A00000F12C0502A92846FEF7D0F8B7
:10B5300001A9A81CFEF7CCF86946281DFEF7C8F83B
:10B54000F820005BBDF80810081A06B2B4F8C8105D
:10B55000484200EBD071B6EB610F07DA4FF4807010
:10B560000059401C4FF4807108510DE0B4F8C80038
:10B5700000EBD071B6EB610F06DD4FF4807000591F
:10B58000401E4FF4807108514FF480700059B4F898
:10B59000C810BDF8082000FB0121FC20015194EDEA
:10B5A0003F0AF8EEC00AB4F8C80000EE100AB8EE80
:10B5B000401A80EE810AF0EE000A20EE200ADFED4C
:10B5C000290A20EE200AD4ED2B0A80EE201A84ED01
:10B5D000391ABDF9040000EE100AB8EEC00ADFED1A
:10B5E000220A20EE200AD4ED2B0A80EE201A84EDE8
:10B5F0003A1AD4ED330ABDF9000000EE100AB8EE95
:10B60000C00A80EE201A84ED3B1AA87900EE100AD9
:10B61000B8EE400ADFED150A30EE200A84ED3C0A50
:10B6200094ED3A3AF0EE432A94ED3B3AB0EE432AD9
:10B6300094ED313AF0EE431A94ED303AB0EE431AFD
:10B6400094ED2F3AF0EE430A94ED2E3AB0EE430A11
:10B65000FDF759FC84ED3D0ABDF80810F8200151B2
:10B66000FEBD0000DB0F49405077D63D3393884341
:10B6700010B5044694F80801012804D0032803D02B
:10B68000042855D11FE058E0D4ED440A94ED461A41
:10B6900070EE810AB0EE600A04F1500001F0F2FB96
:10B6A000D4ED3A0AB0EE600A04F1500001F043FD17
:10B6B00004F1500001F0ECFB04F1500001F038FD02
:10B6C00084ED450A39E0D4ED430AB0EE600A204625
:10B6D00001F0D8FBD4ED390AB0EE600A204601F043
:10B6E0002AFD204601F0D4FB204601F021FD84ED27
:10B6F000440AD4ED440A94ED461A70EE810AB0EE85
:10B70000600A04F1500001F0BDFBD4ED3A0AB0EE3E
:10B71000600A04F1500001F00EFD04F1500001F048
:10B72000B7FB04F1500001F003FD84ED450A04E08D
:10B730009FED030A84ED450A00BF00BF10BD000065
:10B740000000000080ED440A704780F8081170473F
:10B7500070B504460D46D4F8D400401CC4F8D4009B
:10B760002046FFF7DBFE70BD38B504462046FFF7E4
:10B770007FFF94ED450AD4ED470A30EE200A8DEDA7
:10B78000000A94ED2D1AF0EE410A94ED2D1AB1EE57
:10B79000411AB0EE410A684601F042FF94ED330AC7
:10B7A000DDED000A20EE200A84ED370A204600F085
:10B7B0004DF894F8B00038B99FED040A84ED470ABB
:10B7C0009FED020A84ED460A38BD0000000000002B
:10B7D0002DE9F04104460D4616461F46DDF8188057
:10B7E00014492868884203D11348C4F8A0000EE029
:10B7F00012492868884203D11148C4F8A00006E025
:10B8000010492868884202D10F48C4F8A00084F883
:10B81000A46084F8087184F8B08084ED2B0AC4ED2C
:10B820002D0A002231462846FDF77EFBC4F8A80009
:10B83000BDE8F08100A00040380D002400A40040C5
:10B84000700D002400D40040A80D002490ED370AAC
:10B85000BDEEC00A10EE101A090AD0F8A820117027
:10B8600090ED370ABDEEC00A10EE101AD0F8A820ED
:10B870005170704710B50446204601F05FFC044645
:10B88000503001F05BFC9FED210A00F1740480ED63
:10B890001A0A9FED1F0A80ED1B0A9FED1E0A80ED1C
:10B8A0001C0A9FED1D0A80ED1D0A4FF40050A08078
:10B8B0009FED1A0A84ED020AB3EE040A84ED030A2E
:10B8C000002020619FED120A606184ED060A207756
:10B8D000042084F844009FED0E0A84ED120A9FEDC7
:10B8E0000C0A84ED130A9FED0A0A84ED140A9FEDF9
:10B8F000080A84ED150A9FED060A84ED160AB7EED4
:10B90000000A84ED170AC43C204610BD87A7973E65
:10B9100000000000AC8B1B3EFB5CAD3FCDCC4C442B
:10B92000024682EA0100C0B2024B33F8100080EAFE
:10B930002220704770D700082DE9F04105460C46DB
:10B9400016462F4605E014F8011B3846FFF7E8FFBE
:10B950000746301EA6F10106F5D13846BDE8F08154
:10B9600010B504462046FEF773FAB5EEC00AF1EEB4
:10B9700010FA17D12046FEF76EFAB5EEC00AF1EEC6
:10B9800010FA0FD12046FEF769FAB5EEC00AF1EEC3
:10B9900010FA07D12046FEF764FAB5EEC00AF1EEC0
:10B9A00010FA01D0012010BD0020FCE701464878C4
:10B9B0000A7840EA022000B270470000F0B5856DB9
:10B9C000846D984F0668BE4270D0964F183706684F
:10B9D000BE426BD0934F30370668BE4266D0914F5F
:10B9E00048370668BE4261D08E4F60370668BE4257
:10B9F0005CD08C4F78370668BE4257D0894F90375D
:10BA00000668BE4252D0874FA8370668BE424DD066
:10BA1000854F0668BE4249D0834F18370668BE423C
:10BA200044D0814F30370668BE423FD07E4F483702
:10BA30000668BE423AD07C4F60370668BE4235D0B9
:10BA4000794F78370668BE4230D0774F9037066816
:10BA5000BE422BD0744FA8370668BE4226D0734F23
:10BA60000668BE4222D0714F14370668BE421DD010
:10BA70006E4F28370668BE4218D06C4F3C370668B8
:10BA8000BE4213D0694F50370668BE420ED0674F92
:10BA900064370668BE4209D0644F78370668BE42F4
:10BAA00004D0624F8C370668BE4201D1012600E007
:10BAB00000263EB1D0E919767E60C66E16B1D0E997
:10BAC0001C767E60574F0668BE4249D0554F1837E6
:10BAD0000668BE4244D0534F30370668BE423FD05E
:10BAE000504F48370668BE423AD04E4F603706681E
:10BAF000BE4235D04B4F78370668BE4230D0494FF2
:10BB000090370668BE422BD0464FA8370668BE4223
:10BB100026D0454F0668BE4222D0434F18370668EC
:10BB2000BE421DD0404F30370668BE4218D03E4F4F
:10BB300048370668BE4213D03B4F60370668BE42A6
:10BB40000ED0394F78370668BE4209D0364F90374D
:10BB50000668BE4204D0344FA8370668BE4201D101
:10BB6000012600E00026DEB190F85C6006F01F07B9
:10BB70003F26BE40AE600668366826F48026076819
:10BB80003E60066873608668402E04D10668B26025
:10BB90000668F16044E00668B1600668F2603FE064
:10BBA000224F0668BE4222D0204F14370668BE429C
:10BBB0001DD01E4F28370668BE4218D01B4F3C3799
:10BBC0000668BE4213D0194F50370668BE420ED0E9
:10BBD000164F64370668BE4209D0144F783706689E
:10BBE000BE4204D0114F8C370668BE4201D10126F7
:10BBF00000E00026A6B190F85C6006F01F07012661
:10BC0000BE406660066873608668402E04D1066890
:10BC1000B2600668F16003E00668B1600668F26031
:10BC2000F0BD000010000240100402400854025809
:10BC3000014600208A69D2B98A6A32B1012A0DD040
:10BC4000022A03D0032A10D10EE000BFCA6A02F014
:10BC50008072B2F1807F00D1012007E0CA6AB2F1A0
:10BC6000C07F00D1012001E000E000BF36E08A691A
:10BC7000B2F5005F1BD18A6A32B1012A07D0022ACD
:10BC800003D0032A11D10AE000BF01200EE0CA6AE6
:10BC900002F08072B2F1807F00D1012006E0CA6A12
:10BCA000B2F1C07F00D1012000E000BF16E08A6A37
:10BCB00032B1012A05D0022A04D0032A0CD103E0B4
:10BCC00000BF00BF012008E0CA6A02F08072B2F132
:10BCD000807F00D1012000E000BF00BF704700005E
:10BCE0000146374A0868904249D0354A18320868F8
:10BCF000904244D0324A3032086890423FD0304AB5
:10BD00004832086890423AD02D4A60320868904222
:10BD100035D02B4A78320868904230D0284A903289
:10BD2000086890422BD0264AA8320868904226D054
:10BD3000244A0868904222D0224A18320868904269
:10BD40001DD0204A30320868904218D01D4A48322F
:10BD50000868904213D01B4A6032086890420ED0A7
:10BD6000184A78320868904209D0164A903208681A
:10BD7000904204D0134AA8320868904201D10120B1
:10BD800000E00020B0B10A78103A1823B2FBF3F0BB
:10BD900000F007020C4B9A5CCA65032805D90A68B3
:10BDA0006FF30902121D8A6503E00A686FF3090246
:10BDB0008A6503E0086820F0FF008865886D704799
:10BDC0001000024010040240D2D6000810B50268EC
:10BDD0002B4C0368A34222D0294C14340368A3429D
:10BDE0001DD0274C28340368A34218D0244C3C347F
:10BDF0000368A34213D0224C50340368A3420ED0F0
:10BE00001F4C64340368A34209D01D4C7834036886
:10BE1000A34204D01A4C8C340368A34201D10123FD
:10BE200000E000238BB10378083B1424B3FBF4F14A
:10BE3000144B03EB81030366124B8033436601F01E
:10BE40001F040123A340836618E00378103B1824E5
:10BE5000B3FBF4F10C4B9A4204D80B4BA83B9A422B
:10BE600000D30831094B03EB81030366074B803392
:10BE7000436601F01F040123A340836610BD000048
:10BE80000854025800580258B80402400008024002
:10BE90000179A9B3082940D8204B02689A4222D0E0
:10BEA0001E4B143302689A421DD01C4B2833026883
:10BEB0009A4218D0194B3C3302689A4213D0174B60
:10BEC000503302689A420ED0144B643302689A428F
:10BED00009D0124B783302689A4204D00F4B8C334E
:10BEE00002689A4201D1012200E000224AB14A1EB2
:10BEF0000B4B03EB8202C266094A4032026708E03C
:10BF00000BE04A1E074B03EB8202C266054A403231
:10BF100002674A1E01239340436770470854025842
:10BF2000005902580009024030B5026A056A25F03E
:10BF30000105056243688469214D2C4024F0030407
:10BF40000D682C4322F002028D682A431D4DA84241
:10BF500000D10FE01C4DA84200D10BE01B4DA842C0
:10BF600000D107E01A4DA84200D103E0194DA842C4
:10BF700008D100BF056A25F00405056222F0080219
:10BF8000CD682A430F4DA8420BD00F4DA84208D0D0
:10BF90000E4DA84205D00E4DA84202D00D4DA8422C
:10BFA00007D123F4807323F400734D692B438D690B
:10BFB0002B43436084614D684563026230BD0000DD
:10BFC0008FFFFEFF000001400004014000400140DF
:10BFD000004401400048014030B5026A056A25F47A
:10BFE000807505624368C469234D2C4024F0030426
:10BFF0000D682C4322F400728D6842EA05221F4D21
:10C00000A84200D10FE01E4DA84200D10BE01D4D0B
:10C01000A84200D100BF1C4DA84200D100BF1B4D5B
:10C02000A84209D108E0056A25F48065056222F47A
:10C030000062CD6842EA0522104DA8420BD0104D97
:10C04000A84208D00F4DA84205D00F4DA84202D0FB
:10C050000E4DA84209D123F4805323F400534D69B7
:10C0600043EA05138D6943EA05134360C4614D68D3
:10C07000C563026230BD00008FFFFEFF000001407B
:10C0800000040140004001400044014000480140DC
:10C0900030B5036A056A25F4805505624468C269B3
:10C0A000124D2A4022F440720D6842EA052223F420
:10C0B00000538D6843EA05330D4DA8420BD00D4D5A
:10C0C000A84208D00C4DA84205D00C4DA84202D081
:10C0D0000B4DA84204D124F480444D6944EA8514F0
:10C0E0004460C2614D680564036230BDFF8FFFFE8E
:10C0F00000000140000401400040014000440140B4
:10C100000048014030B5026A056A25F480350562B1
:10C110004368446D114D2C400D682C4322F40032CD
:10C120000D8942EA05420E4DA8420BD00D4DA842A2
:10C1300008D00D4DA84205D00C4DA84202D00C4DA0
:10C14000A84204D123F480334D6943EA05234360B8
:10C1500044654D688565026230BD00008FFFFEFFBB
:10C160000000014000040140004001400044014043
:10C170000048014030B5026A056A25F48015056261
:10C180004368446D114D2C400D6844EA052422F4A7
:10C1900000120D8942EA05520D4DA8420BD00D4DFB
:10C1A000A84208D00C4DA84205D00C4DA84202D0A0
:10C1B0000B4DA84204D123F480234D6943EA852323
:10C1C000436044654D68C565026230BDFF8FFFFE68
:10C1D00000000140000401400040014000440140D3
:10C1E000004801400A468168034B194042F00703AA
:10C1F00019438160704700008FFFCFFF30B50B46B9
:10C200001446026A056A25F001050562114DA8422F
:10C2100000D10FE0104DA84200D10BE00F4DA84215
:10C2200000D107E00E4DA84200D103E00D4DA84219
:10C2300004D100BF056A25F004050562816921F07B
:10C24000F00141EA041122F00A021A4381610262FC
:10C2500030BD0000000001400004014000400140EA
:10C26000004401400048014030B50B461446026AC4
:10C27000056A25F010050562114DA84200D10FE0B6
:10C28000104DA84200D10BE00F4DA84200D100BFD5
:10C290000E4DA84200D100BF0D4DA84204D103E0CD
:10C2A000056A25F040050562816921F4704141EA83
:10C2B000043122F0A00242EA03128161026230BD21
:10C2C00000000140000401400040014000440140E2
:10C2D000004801402DE9F0410546AC6BD4F8886078
:10C2E000D4F88C702068806800F08000802804D129
:10C2F000212E02D1204600F025F92068806800F048
:10C300004000402804D1222F02D1204600F0E4F85A
:10C31000D4F8900040F01000C4F890002046FAF7DE
:10C32000E6F9BDE8F081D0F88810212928D1B0F8CD
:10C330005610C9B900BF00BF026852E8002F22F0B2
:10C340008001036843E80012002AF5D100BF00BF56
:10C3500000BF026852E8002F42F04001036843E842
:10C360000012002AF5D10BE0016D09780268916294
:10C37000016D491C0165B0F85610491EA0F8561011
:10C38000704710B5D0F88820212A2AD1B0F856205D
:10C39000CAB900BF00BF036853E8003F23F0800222
:10C3A000046844E80023002BF5D100BF00BF00BFA4
:10C3B000036853E8003F43F04002046844E8002368
:10C3C000002BF5D10DE0016D0A88C2F30802036865
:10C3D0009A62026D921C0265B0F85620521EA0F8B7
:10C3E000562010BD70B50446A56B01202867E86E85
:10C3F000012868D1B5F85C004008A5F85E00344912
:10C400002068884249D0324918312068884244D097
:10C410002F493031206888423FD02D49483120686B
:10C4200088423AD02A4960312068884235D028496C
:10C4300078312068884230D0254990312068884280
:10C440002BD02349A8312068884226D02149206872
:10C45000884222D01F491831206888421DD01D49CA
:10C4600030312068884218D01A4948312068884203
:10C4700013D018496031206888420ED015497831B0
:10C480002068884209D0134990312068884204D03E
:10C490001049A8312068884202D12068406801E034
:10C4A0002068406886B2B5F85C00B04201DBA5F8B0
:10C4B0005E60B5F85C00B5F85E20801A81B228464F
:10C4C000F9F798FF02E02846FAF703FF70BD000075
:10C4D000100002401004024000BF00BF026852E892
:10C4E000002F22F49071036843E80012002AF5D16E
:10C4F00000BF00BF00BF0268083252E8002F104B97
:10C5000002EA03010268083242E80013002BF2D16C
:10C5100000BFC16E01290CD100BF00BF026852E804
:10C52000002F22F01001036843E80012002AF5D121
:10C5300000BF2021C0F88C100021C1664167704700
:10C54000FEFFFFEF00BF00BF026852E8002F22F09D
:10C55000C001036843E80012002AF5D100BF00BF04
:10C5600000BF0268083252E8002F22F4000102687E
:10C57000083242E80013002BF3D100BF2021C0F89D
:10C580008810704770B50446A56BE069B0F5807FF0
:10C5900040D00020A5F85E0000BF00BF296851E828
:10C5A000001F21F480702A6842E800010029F5D1BB
:10C5B00000BF00BF00BF2968083151E8001F21F00B
:10C5C00001002968083141E80002002AF3D100BFC8
:10C5D00000BF00BF2968083151E8001F21F040006A
:10C5E0002968083141E80002002AF3D100BF202069
:10C5F000C5F88C00E86E01280CD100BF00BF296887
:10C6000051E8001F21F010002A6842E800010029CB
:10C61000F5D100BF00202867E86E012866D1002010
:10C62000A5F85E0033492068884249D03149183165
:10C630002068884244D02F493031206888423FD05A
:10C640002C494831206888423AD02A496031206814
:10C65000884235D0274978312068884230D0254932
:10C660009031206888422BD02249A8312068884226
:10C6700026D021492068884222D01F4918312068DD
:10C6800088421DD01C4930312068884218D01A4990
:10C6900048312068884213D01749603120688842A9
:10C6A0000ED0154978312068884209D0124990315E
:10C6B0002068884204D01049A8312068884202D1FD
:10C6C0002068406801E02068406886B2B5F85C00E8
:10C6D000B04201DDA5F85E60B5F85C00B5F85E20FB
:10C6E000801A81B22846F9F785FE02E02846FAF75B
:10C6F000EFFD70BD100002401004024010B504466A
:10C7000000BF00BF216851E8001F21F040002268EF
:10C7100042E800010029F5D100BF2020C4F88800BC
:10C720000020A0672046FAF72BFE10BD70B5044626
:10C73000A56B2846F9F7DBFF70BD10B5D0F888204F
:10C74000212A38D1B0F86A1032E0B0F85620E2B9A8
:10C7500000BF00BF0368083353E8003F23F4000222
:10C760000368083343E80024002CF3D100BF00BF66
:10C7700000BF036853E8003F43F04002046844E808
:10C780000023002BF5D100BF14E00268D26902F04B
:10C7900080025AB1026D127803689A62026D521CCF
:10C7A0000265B0F85620521EA0F856204A1E91B2DB
:10C7B0000029CAD100BF10BD30B5D0F88830212B78
:10C7C0003AD1B0F86A1034E0B0F85630E3B900BF9F
:10C7D00000BF0468083454E8004F24F400030468E0
:10C7E000083444E80035002DF3D100BF00BF00BF7E
:10C7F000046854E8004F44F04003056845E80034FD
:10C80000002CF5D100BF16E00368DB6903F080035C
:10C810006BB1026D1388C3F308030468A362036D50
:10C820009B1C0365B0F856305B1EA0F856304B1EBB
:10C8300099B20029C8D100BF30BD00002DE9F041F8
:10C84000054614461E46D1F804C0BCF1000F0AD1BB
:10C85000D1F810C0D1F808804CEA080CB1F800807B
:10C860004CEA88430BE0D1F810C04CF0804CD1F872
:10C8700008804CEA080CD1F800804CEA080391F8D3
:10C880002080D1F81CC04CEA086CD1F818804CEA22
:10C89000080CD1F814804CEA080CB1F80C804CEA72
:10C8A0000847D5F868C00CFB06FCD5F8848008EB77
:10C8B0008C021360121D1760121D002019E000F198
:10C8C000030C14F80CC04FEA0C6800F1020C14F8C9
:10C8D0000CC048EA0C4800F1010C14F80CC048EAFE
:10C8E0000C2C14F800804CEA080CC2F800C0121D91
:10C8F000001DDFF81480D1F80CC018F80CC0844576
:10C90000DDD8BDE8F0810000DCD6000810B5014696
:10C910004A6B0868D0F884004FF6FC74A04340EAE4
:10C9200082000C68C4F884000868D0F8840020F401
:10C930007F04088F44EA00400C68C4F88400886BC8
:10C9400002440868D0F888004FF6FC74A04340EA1F
:10C9500082000C68C4F888000868D0F8880020F4C9
:10C96000FE04888F44EA00400C68C4F88800C86B55
:10C9700002EB40020868D0F8A0004FF6FC74A04318
:10C9800040EA82000C68C4F8A0000868D0F8A00053
:10C9900020F4FE044020405A44EA00400C68C4F8E9
:10C9A000A000D1E9104004FB00220868D0F8B000D4
:10C9B0004FF6FC74A04340EA82000C68C4F8B00053
:10C9C0000868D0F8B00020F4FE04B1F8480044EA4A
:10C9D00000400C68C4F8B000D1E9124004FB00220A
:10C9E0000868D0F8AC004FF6FC74A04340EA82001F
:10C9F0000C68C4F8AC00D1E9144004FB00220868BC
:10CA0000D0F8F0004FF6FC74A04340EA82000C68B6
:10CA1000C4F8F0000868D0F8F00020F47C14B1F8F5
:10CA2000580044EA00400C68C4F8F000886D02EB3E
:10CA300040020868D0F8C0004FF6FC74A04340EAFA
:10CA400082000C68C4F8C0000868D0F8C00020F468
:10CA50007C14B1F85C0044EA00400C68C4F8C000E3
:10CA60000868D0F8C00020F07C5491F8600044EAD7
:10CA700000600C68C4F8C0002A4C486B04EB8000CE
:10CA8000C866CC6E886B04EB80040C670C6FC86BB7
:10CA900004EBC0044C67D1E9100460434C6F04EB15
:10CAA00080048C67D1E9120460438C6F04EB80042E
:10CAB000CC67D1E914046043CC6F04EB8004802080
:10CAC00044504458886D04EBC004842044508C6E5C
:10CAD000C86D60438424645804EB8004882044506B
:10CAE0008C6E086E60438824645804EB80049020A8
:10CAF000445040580C4CA04209D99831486840F045
:10CB000020004860032001F89809012010BDCB6E79
:10CB100002E0002018601B1D902040589842F8D871
:10CB20000020F3E700AC0040FCD3004010B5002823
:10CB300004DB0A07130E054A135406E00A07140E15
:10CB4000034A00F00F031B1FD45410BD00E400E0A3
:10CB500018ED00E002480068C0F3022070470000B2
:10CB60000CED00E02DE9F04104460E460027554843
:10CB7000006800F00300032802D10120BDE8F08125
:10CB800050482838006820F080604E4928390860F5
:10CB9000F6F772FD054606E0F6F76EFD401B02282B
:10CBA00001D90320EAE7474828380068C0F3C0608D
:10CBB0000028F1D100BF4348006820F47C30216890
:10CBC00040EA01303F490860A088401EC0F30800D9
:10CBD000A168491E4FF47E4202EA41210843A1891F
:10CBE000491ED20102EA01410843217C491E12027A
:10CBF00002EA0161084333491031086000BF31483F
:10CC0000001D006820F0C000616908432D49091D1E
:10CC100008600846006820F02000A16908432949FF
:10CC2000091D08600846006820F0100008602548CB
:10CC3000143000684FF6F8718843E16940EAC1009A
:10CC40002049143108601F48001D006840F01000A2
:10CC50001C49091D08602EB90846006840F40020F0
:10CC6000086012E0012E08D11648001D006840F44B
:10CC700080101449091D086007E01248001D006873
:10CC800040F400100F49091D08600E48283800685C
:10CC900040F080600B4928390860F6F7EDFC054646
:10CCA00006E0F6F7E9FC401B022801D9032065E7FE
:10CCB000044828380068C0F3C0600028F1D0384626
:10CCC0005CE70000284402582DE9F04104460E4676
:10CCD00000275548006800F00300032802D1012016
:10CCE000BDE8F08150482838006820F080504E4957
:10CCF00028390860F6F7C0FC054606E0F6F7BCFCEC
:10CD0000401B022801D90320EAE747482838006879
:10CD1000C0F340700028F1D100BF4348006820F004
:10CD20007C70218840EA01503F490860A088401E7D
:10CD3000C0F30800A168491E4FF47E4202EA412177
:10CD40000843A189491ED20102EA01410843217C1E
:10CD5000491E120202EA0161084333491831086092
:10CD600000BF3148001D006820F44060616908433D
:10CD70002D49091D08600846006820F40070A1696B
:10CD800008432949091D08600846006820F480709E
:10CD9000086025481C3000684FF6F8718843E16947
:10CDA00040EAC10020491C3108601F48001D00688E
:10CDB00040F480701C49091D08602EB908460068BF
:10CDC00040F48000086012E0012E08D11648001DD2
:10CDD000006840F400001449091D086007E012488B
:10CDE000001D006840F080700F49091D08600E4862
:10CDF0002838006840F080500B4928390860F6F761
:10CE00003BFC054606E0F6F737FC401B022801D93B
:10CE1000032065E7044828380068C0F34070002804
:10CE2000F1D038465CE700002844025870B5456EE2
:10CE30002DB90125A0F86A50A0F868501CE0102315
:10CE400010240568AD68C5F342610568AD686A0FD6
:10CE50000A4DAD5C15FB04F5094EB65C95FBF6F585
:10CE6000A0F86A50054D6D5C15FB03F5044E765C29
:10CE700095FBF6F5A0F8685070BD000050D700088B
:10CE800058D7000880ED110A704780ED130A7047EB
:10CE900010B52DED0A8B04469FED980AF0EE409AEE
:10CEA0009FED960AB0EE40AA9FED940AF0EE40AADC
:10CEB0009FED920AB0EE40BA94ED110AD4ED120A39
:10CEC00030EE600AF0EE408AB0EE680A00F0C0FB77
:10CED000B0EE408A94ED010AB4EEC80AF1EE10FA01
:10CEE0000BDD94ED120A84ED110A9FED840AF0EE39
:10CEF000408A9FED820AB0EE408A94ED080A20EE47
:10CF0000280AF0EE409A94ED0E0AB5EEC00AF1EE52
:10CF100010FA09D194ED0F0AB5EEC00AF1EE10FA3D
:10CF200002D1B7EE009A31E094ED0F0AB4EEC80AD0
:10CF3000F1EE10FA02DBB7EE009A27E094ED0F0A4B
:10CF4000B4EEC80AF1EE10FA17D294ED0E0AD4ED41
:10CF50000F0A30EE200AB4EEC80AF1EE10FA0CDD2A
:10CF600094ED0E0AD4ED0F0A30EE200A30EE480A96
:10CF7000D4ED0E0A80EE209A08E094ED0F0AB4EE8C
:10CF8000C80AF1EE10FA01D89FED5C9A94ED0C0AF4
:10CF9000B5EEC00AF1EE10FA19D094ED0C0AD4EDFA
:10CFA000090A80EE201AF0EE41BA94ED0C0AB1EEB7
:10CFB000400AD4ED090A80EE201AB0EE41CAF0EE24
:10CFC0006B0AB0EE4C0A04F14C0000F029FB94ED22
:10CFD000100AB5EEC00AF1EE10FA12D194ED130A60
:10CFE000D4ED000A60EE890A00EEA80A84ED130A67
:10CFF00094ED090AD4ED130A20EE200AB0EE40AAFF
:10D0000021E094ED100AB4EEC80AF1EE10FA12DD38
:10D0100094ED130AD4ED000A60EE890A00EEA80A26
:10D0200084ED130A94ED090AD4ED130A20EE200AC8
:10D03000B0EE40AA07E09FED310A84ED130A9FEDA0
:10D040002F0AB0EE40AA207A70B994ED0A0AD4ED06
:10D05000060A78EEE00A20EE200AD4ED000A80EEFF
:10D06000201AF0EE41AA0FE094ED070AD4ED050A6C
:10D0700030EE600AD4ED0A0A20EE200AD4ED000A50
:10D0800080EE201AF0EE41AA94ED110AD4ED040AC4
:10D0900030EE600AD4ED0B0A20EE200AB0EE40BA62
:10D0A00039EE8A0A30EE2A0A30EE0B0A84ED070ABE
:10D0B00094ED0D0AB5EEC00AF1EE10FA0DD094ED24
:10D0C0000D1AF0EE410A94ED0D1AB1EE411AB0EED0
:10D0D000410A04F11C0000F0A3FA94ED120A84ED59
:10D0E000030A94ED110A84ED040A94ED070A84ED15
:10D0F000050AC4ED068ABDEC0A8B10BD00000000D5
:10D1000080ED080AC0ED090A80ED0A1AC0ED0B1A7D
:10D1100080ED0C2AC0ED0D2A80ED003AC0ED013AF9
:10D1200080ED0E4AC0ED0F4A80ED105A0172704733
:10D1300090ED070A704780ED120A70479FED220AB2
:10D1400080ED030A9FED200A80ED040A9FED1E0A80
:10D1500080ED050A9FED1C0A80ED060A9FED1A0A74
:10D1600080ED070A9FED180A80ED080A9FED160A68
:10D1700080ED090A9FED140A80ED0A0A9FED120A5C
:10D1800080ED0B0A9FED100A80ED0C0A9FED0E0A50
:10D1900080ED0D0A9FED0C0A80ED0E0A9FED0A0A44
:10D1A00080ED0F0A9FED080A80ED100A9FED060A38
:10D1B00080ED110A9FED040A80ED120A9FED020A2C
:10D1C00080ED130A7047000000000000024609B914
:10D1D00000207047486808B10020FAE7C8680828AE
:10D1E00001D00020F5E70120F3E7014600203822B6
:10D1F000525C0AB1012200E0002210433922525C45
:10D200000AB1012200E0002240EA42003A22525CC8
:10D210000AB1012200E0002240EA82003B22525C77
:10D220000AB1012200E0002240EAC2003C22525C26
:10D230000AB1012200E0002240EA02103D22525CC5
:10D240000AB1012200E0002240EA42107047024683
:10D25000B1F5006F01D2012070470020FCE730B526
:10D2600005460B460BB1122B02D94FF4787030BD36
:10D27000591E05F1600030F8114021462846FFF79D
:10D28000E6FF10B94FF47870F1E72046EFE730B5CC
:10D290002DED028B81B004460D46B0EE408AD4EDF0
:10D2A000010A00EE105AB8EE400A30EE600AD4EDE2
:10D2B000020A80EE201A8DED001AF7EE000ABFEE8A
:10D2C000000A684600F0ACF99DED000A20EE080A5D
:10D2D00001B0BDEC028B30BD30B505460B4614469F
:10D2E00019462846FFF7B3FF08B9204630BD40F283
:10D2F0001450834201D30220F8E7B3F52F7F01D801
:10D300000120F3E72046F1E730B505460B46144609
:10D3100019462846FFF79BFF08B9204630BD40F26A
:10D320001450834201D30220F8E7B3F52F7F01D8D0
:10D330000120F3E70320F1E710B52DED028BB0EEED
:10D34000408AB0EE480A00F015F8BDEC028B10BD23
:10D350002DE9F0411C4617460E00804607D00546D1
:10D3600002E02846B0473D442046641EF9D24046BC
:10D37000BDE8F08110B52DED028BB1EEC08A18EE3C
:10D38000100A20F00040C0F1FF40C00F0AD010EE9C
:10D39000100A20F00040C0F1FF40C00F04BF012080
:10D3A000F3F78BF9B0EE480ABDEC028B10BD00001C
:10D3B00004206F49088408700120488448709FED5C
:10D3C0006D0A084680ED090ABCEEC00A10EE100A8C
:10D3D000897860F30301664881709FED660A80EDED
:10D3E0000A0ABCEEC00A10EE100A6149897860F39F
:10D3F00006115F4881709FED600A80ED0B0ABCEE5C
:10D40000C00A10EE100A5A49897860F3C7115848CB
:10D4100081709FED5A0A80ED0C0ABDEEC00A10EE35
:10D42000100A00B25249A1F803009FED550A0846C0
:10D4300080ED0D0ABDEEC00A10EE100A01B24C4894
:10D44000A0F8051005204F49088408700120488481
:10D4500048709FED480A084680ED090ABCEEC00AF4
:10D4600010EE100A897860F30301464881709FED41
:10D47000410A80ED0A0ABCEEC00A10EE100A4149CA
:10D48000897860F306113F4881709FED3F0A80ED77
:10D490000B0ABCEEC00A10EE100A3A49897860F314
:10D4A000C711384881709FED350A80ED0C0ABDEE3A
:10D4B000C00A10EE100A00B23249A1F803009FED35
:10D4C000300A084680ED0D0ABDEEC00A10EE100AC3
:10D4D00001B22C48A0F8051006202C4908840870D9
:10D4E0000120488448709FED230A084680ED090A10
:10D4F000BCEEC00A10EE100A897860F303012348DD
:10D5000081709FED1C0A80ED0A0ABCEEC00A10EE85
:10D51000100A1E49897860F306111C4881709FED3E
:10D520001C0A80ED0B0ABCEEC00A10EE100A174967
:10D53000897860F3C711154881709FED100A80ED5E
:10D540000C0ABDEEC00A10EE100A00B20F49A1F895
:10D5500003009FED0B0A084680ED0D0ABDEEC00AE0
:10D5600010EE100A01B20948A0F80510704700003B
:10D57000A82200240000000085EB89409A99193FF9
:10D580000AD7233DE822002485EBB140282300245C
:10D59000C3F5883F0020084908700870486048605B
:10D5A00088608860C860C86008610861087508758F
:10D5B00088618861704700001C0D002410B5024886
:10D5C000FDF7BCFA10BD000028240024F6F766F829
:10D5D000FBF730FEFAF71EF8F9F7E4FEFAF7AAF9BE
:10D5E000F9F748FFFAF732F9FAF7F0F8F9F786FF9A
:10D5F000F9F7CAFFFAF7D6F9FAF7B0FAFAF778FAB4
:10D60000FAF762F9FAF708FAFAF7DEFAFAF712FB14
:10D61000FAF738FAFAF7BAFC01E0FAF71DFDFCE771
:10D62000B0EE401A90ED000AB4EEC10AF1EE10FA25
:10D6300002D280ED001A08E090ED000AB4EEE00A94
:10D64000F1EE10FA01DDC0ED000A90ED000A70471E
:10D65000F0EE400AF5EEC00AF1EE10FA00BFB1EEAE
:10D66000600A30FE800A70474FF07E5209E011F0E8
:10D67000004204D54042C1F1000138BF491E42F0CA
:10D680007E520B0002F1706212BF20235FEA00019C
:10D690007047B1FA81FCA3EB0C0301FA0CF120FAFC
:10D6A00003FC02EBC352C3F1200341EA0C0110FA60
:10D6B00003FC5CEA416C42EB112018BF5FF0806C08
:10D6C00028BF20F0010070474FF04070E1EE100AD3
:10D6D0007047000610160006101600000001020335
:10D6E00004050607080C1014182030400000000044
:10D6F000000000000000000000000000000000002A
:10D70000010000000200000003000000040000000F
:10D710000000000005000000000000000000000004
:10D7200000000000060000000000000000000000F3
:10D7300000000000070000000100020004000600D5
:10D7400008000A000C0010002000400080000001CA
:10D75000010101030701000008040204080101019E
:10D760000000000001020304010203040607080987
:10D770000000891112239B322446AD573665BF74D1
:10D78000488CC19D5AAFD3BE6CCAE5DB7EE9F7F881
:10D790008110080193331A22A5562C47B7753E64B1
:10D7A000C99C408DDBBF52AEEDDA64CBFFF976E861
:10D7B00002218B30100299132667AF763444BD5591
:10D7C0004AADC3BC588ED19F6EEBE7FA7CC8F5D941
:10D7D00083310A2091121803A7772E66B5543C4571
:10D7E000CBBD42ACD99E508FEFFB66EAFDD874C921
:10D7F00004428D5316619F702004A9153227BB3651
:10D800004CCEC5DF5EEDD7FC6888E1997AABF3BA00
:10D8100085520C4397711E60A1142805B3373A2630
:10D82000CDDE44CFDFFD56ECE9986089FBBB72AAE0
:10D8300006638F7214409D512225AB343006B91710
:10D840004EEFC7FE5CCCD5DD6AA9E3B8788AF19BC0
:10D8500087730E6295501C41A3352A24B1163807F0
:10D86000CFFF46EEDDDC54CDEBB962A8F99A708BA0
:10D87000088481951AA793B62CC2A5D33EE1B7F0D0
:10D880004008C919522BDB3A644EED5F766DFF7C80
:10D89000899400859BB712A6ADD224C3BFF136E0B0
:10D8A000C1184809D33B5A2AE55E6C4FF77D7E6C60
:10D8B0000AA583B4188691972EE3A7F23CC0B5D190
:10D8C0004229CB38500AD91B666FEF7E744CFD5D40
:10D8D0008BB502A499961087AFF326E2BDD034C170
:10D8E000C3394A28D11A580BE77F6E6EF55C7C4D20
:10D8F0000CC685D71EE597F42880A1913AA3B3B250
:10D90000444ACD5B5669DF78600CE91D722FFB3EFF
:10D910008DD604C79FF516E4A9902081BBB332A22F
:10D92000C55A4C4BD7795E68E11C680DF33F7A2EDF
:10D930000EE787F61CC495D52AA1A3B03882B1930F
:10D94000466BCF7A5448DD59622DEB3C700EF91FBF
:10D950008FF706E69DD414C5ABB122A0B9923083EF
:10D96000C77B4E6AD5585C49E33D6A2CF11E780F9F
:10D970009CD9000800000024C8010000080300082A
:10D98000B0D90008C8010024502F0000640300082B
:10D9900005FCFFFF1DFAFFFF25FCFFFF813210424F
:10D9A000013C90D0030401FF019812FF0215020010
:04000005080002CD20
:00000001FF
